RY_External_ID__c,Name
RYSCALE-ACC-000000001,DEMO Learning Sponsor 000001
RYSCALE-ACC-000000002,DEMO Learning Sponsor 000002
RYSCALE-ACC-000000003,DEMO Learning Sponsor 000003
RYSCALE-ACC-000000004,DEMO Learning Sponsor 000004
RYSCALE-ACC-000000005,DEMO Learning Sponsor 000005
RYSCALE-ACC-000000006,DEMO Learning Sponsor 000006
RYSCALE-ACC-000000007,DEMO Learning Sponsor 000007
RYSCALE-ACC-000000008,DEMO Learning Sponsor 000008
RYSCALE-ACC-000000009,DEMO Learning Sponsor 000009
RYSCALE-ACC-000000010,DEMO Learning Sponsor 000010
RYSCALE-ACC-000000011,DEMO Learning Sponsor 000011
RYSCALE-ACC-000000012,DEMO Learning Sponsor 000012
RYSCALE-ACC-000000013,DEMO Learning Sponsor 000013
RYSCALE-ACC-000000014,DEMO Learning Sponsor 000014
RYSCALE-ACC-000000015,DEMO Learning Sponsor 000015
RYSCALE-ACC-000000016,DEMO Learning Sponsor 000016
RYSCALE-ACC-000000017,DEMO Learning Sponsor 000017
RYSCALE-ACC-000000018,DEMO Learning Sponsor 000018
RYSCALE-ACC-000000019,DEMO Learning Sponsor 000019
RYSCALE-ACC-000000020,DEMO Learning Sponsor 000020
RYSCALE-ACC-000000021,DEMO Learning Sponsor 000021
RYSCALE-ACC-000000022,DEMO Learning Sponsor 000022
RYSCALE-ACC-000000023,DEMO Learning Sponsor 000023
RYSCALE-ACC-000000024,DEMO Learning Sponsor 000024
RYSCALE-ACC-000000025,demo learning sponsor 000024 
RYSCALE-ACC-000000026,DEMO Learning Sponsor 000026
RYSCALE-ACC-000000027,DEMO Learning Sponsor 000027
RYSCALE-ACC-000000028,DEMO Learning Sponsor 000028
RYSCALE-ACC-000000029,DEMO Learning Sponsor 000029
RYSCALE-ACC-000000030,DEMO Learning Sponsor 000030
RYSCALE-ACC-000000031,DEMO Learning Sponsor 000031
RYSCALE-ACC-000000032,DEMO Learning Sponsor 000032
RYSCALE-ACC-000000033,DEMO Learning Sponsor 000033
RYSCALE-ACC-000000034,DEMO Learning Sponsor 000034
RYSCALE-ACC-000000035,DEMO Learning Sponsor 000035
RYSCALE-ACC-000000036,DEMO Learning Sponsor 000036
RYSCALE-ACC-000000037,DEMO Learning Sponsor 000037
RYSCALE-ACC-000000038,DEMO Learning Sponsor 000038
RYSCALE-ACC-000000039,DEMO Learning Sponsor 000039
RYSCALE-ACC-000000040,DEMO Learning Sponsor 000040
RYSCALE-ACC-000000041,DEMO Learning Sponsor 000041
RYSCALE-ACC-000000042,DEMO Learning Sponsor 000042
RYSCALE-ACC-000000043,DEMO Learning Sponsor 000043
RYSCALE-ACC-000000044,DEMO Learning Sponsor 000044
RYSCALE-ACC-000000045,DEMO Learning Sponsor 000045
RYSCALE-ACC-000000046,DEMO Learning Sponsor 000046
RYSCALE-ACC-000000047,DEMO Learning Sponsor 000047
RYSCALE-ACC-000000048,DEMO Learning Sponsor 000048
RYSCALE-ACC-000000049,DEMO Learning Sponsor 000049
RYSCALE-ACC-000000050,demo learning sponsor 000049 
RYSCALE-ACC-000000051,DEMO Learning Sponsor 000051
RYSCALE-ACC-000000052,DEMO Learning Sponsor 000052
RYSCALE-ACC-000000053,DEMO Learning Sponsor 000053
RYSCALE-ACC-000000054,DEMO Learning Sponsor 000054
RYSCALE-ACC-000000055,DEMO Learning Sponsor 000055
RYSCALE-ACC-000000056,DEMO Learning Sponsor 000056
RYSCALE-ACC-000000057,DEMO Learning Sponsor 000057
RYSCALE-ACC-000000058,DEMO Learning Sponsor 000058
RYSCALE-ACC-000000059,DEMO Learning Sponsor 000059
RYSCALE-ACC-000000060,DEMO Learning Sponsor 000060
RYSCALE-ACC-000000061,DEMO Learning Sponsor 000061
RYSCALE-ACC-000000062,DEMO Learning Sponsor 000062
RYSCALE-ACC-000000063,DEMO Learning Sponsor 000063
RYSCALE-ACC-000000064,DEMO Learning Sponsor 000064
RYSCALE-ACC-000000065,DEMO Learning Sponsor 000065
RYSCALE-ACC-000000066,DEMO Learning Sponsor 000066
RYSCALE-ACC-000000067,DEMO Learning Sponsor 000067
RYSCALE-ACC-000000068,DEMO Learning Sponsor 000068
RYSCALE-ACC-000000069,DEMO Learning Sponsor 000069
RYSCALE-ACC-000000070,DEMO Learning Sponsor 000070
RYSCALE-ACC-000000071,DEMO Learning Sponsor 000071
RYSCALE-ACC-000000072,DEMO Learning Sponsor 000072
RYSCALE-ACC-000000073,DEMO Learning Sponsor 000073
RYSCALE-ACC-000000074,DEMO Learning Sponsor 000074
RYSCALE-ACC-000000075,demo learning sponsor 000074 
RYSCALE-ACC-000000076,DEMO Learning Sponsor 000076
RYSCALE-ACC-000000077,DEMO Learning Sponsor 000077
RYSCALE-ACC-000000078,DEMO Learning Sponsor 000078
RYSCALE-ACC-000000079,DEMO Learning Sponsor 000079
RYSCALE-ACC-000000080,DEMO Learning Sponsor 000080
RYSCALE-ACC-000000081,DEMO Learning Sponsor 000081
RYSCALE-ACC-000000082,DEMO Learning Sponsor 000082
RYSCALE-ACC-000000083,DEMO Learning Sponsor 000083
RYSCALE-ACC-000000084,DEMO Learning Sponsor 000084
RYSCALE-ACC-000000085,DEMO Learning Sponsor 000085
RYSCALE-ACC-000000086,DEMO Learning Sponsor 000086
RYSCALE-ACC-000000087,DEMO Learning Sponsor 000087
RYSCALE-ACC-000000088,DEMO Learning Sponsor 000088
RYSCALE-ACC-000000089,DEMO Learning Sponsor 000089
RYSCALE-ACC-000000090,DEMO Learning Sponsor 000090
RYSCALE-ACC-000000091,DEMO Learning Sponsor 000091
RYSCALE-ACC-000000092,DEMO Learning Sponsor 000092
RYSCALE-ACC-000000093,DEMO Learning Sponsor 000093
RYSCALE-ACC-000000094,DEMO Learning Sponsor 000094
RYSCALE-ACC-000000095,DEMO Learning Sponsor 000095
RYSCALE-ACC-000000096,DEMO Learning Sponsor 000096
RYSCALE-ACC-000000097,DEMO Learning Sponsor 000097
RYSCALE-ACC-000000098,DEMO Learning Sponsor 000098
RYSCALE-ACC-000000099,DEMO Learning Sponsor 000099
RYSCALE-ACC-000000100,demo learning sponsor 000099 
