RY_External_ID__c,FirstName,LastName,Email,Phone,MailingCity,MailingCountry,Account_Key
RYSCALE-CON-000000001,David,Ndlovu,customer000000001@example.com,+27 00 0000001,Johannesburg,South Africa,RYSCALE-ACC-000000001
RYSCALE-CON-000000002,Kabelo,Botha,customer000000002@example.com,+27 00 0000002,Durban,South Africa,RYSCALE-ACC-000000002
RYSCALE-CON-000000003,Karabo,Mokoena,customer000000003@example.com,+27 00 0000003,Pretoria,South Africa,RYSCALE-ACC-000000003
RYSCALE-CON-000000004,Naledi,Maseko,customer000000004@example.com,+27 00 0000004,Gqeberha,South Africa,RYSCALE-ACC-000000004
RYSCALE-CON-000000005,Siyanda,Molefe,customer000000005@example.com,+27 00 0000005,Bloemfontein,South Africa,RYSCALE-ACC-000000005
RYSCALE-CON-000000006,Amina,Patel,customer000000006@example.com,+27 00 0000006,Polokwane,South Africa,RYSCALE-ACC-000000006
RYSCALE-CON-000000007,Thabo,Smith,customer000000007@example.com,+27-00-0000007,Kimberley,South Africa,RYSCALE-ACC-000000007
RYSCALE-CON-000000008,Lwazi,Khumalo,customer000000008@example.com,+27 00 0000008,Cape Town,South Africa,RYSCALE-ACC-000000008
RYSCALE-CON-000000009,Emma,Nkosi,customer000000009@example.com,+27 00 0000009,Johannesburg,ZA,RYSCALE-ACC-000000009
RYSCALE-CON-000000010,Chloe,Hassan,customer000000010@example.com,+27 00 0000010,Durban,South Africa,RYSCALE-ACC-000000010
RYSCALE-CON-000000011,Zanele,Williams,customer000000011@example.com,,Pretoria,South Africa,RYSCALE-ACC-000000011
RYSCALE-CON-000000012,Nomsa,Jacobs,customer000000012@example.com,+27 00 0000012,Gqeberha,South Africa,RYSCALE-ACC-000000012
RYSCALE-CON-000000013, daniel ,Adams,customer000000013@example.com,+27 00 0000013,Bloemfontein,South Africa,RYSCALE-ACC-000000013
RYSCALE-CON-000000014,Ayesha,Petersen,customer000000014@example.com,+27-00-0000014,Polokwane,South Africa,RYSCALE-ACC-000000014
RYSCALE-CON-000000015,Priya,Naidoo,customer000000015@example.com,+27 00 0000015,Kimberley,South Africa,RYSCALE-ACC-000000015
RYSCALE-CON-000000016,Nandi,Dlamini,customer000000016@example.com,+27 00 0000016,Cape Town,South Africa,RYSCALE-ACC-000000016
RYSCALE-CON-000000017,Ravi,Ndlovu,,+27 00 0000017,Johannesburg,South Africa,RYSCALE-ACC-000000017
RYSCALE-CON-000000018,Fatima,Botha,customer000000018@example.com,+27 00 0000018,Durban,ZA,RYSCALE-ACC-000000018
RYSCALE-CON-000000019,Imran,Mokoena,CUSTOMER000000019@EXAMPLE.COM,+27 00 0000019,Pretoria,South Africa,RYSCALE-ACC-000000019
RYSCALE-CON-000000020,Buhle,Maseko,customer000000020@example.com,+27 00 0000020,Gqeberha,South Africa,RYSCALE-ACC-000000020
RYSCALE-CON-000000021,Sipho,Molefe,customer000000021@example.com,+27-00-0000021,Bloemfontein,South Africa,RYSCALE-ACC-000000021
RYSCALE-CON-000000022,Mpho,Patel,customer000000022@example.com,,Polokwane,South Africa,RYSCALE-ACC-000000022
RYSCALE-CON-000000023,Sizwe,SMITH,customer000000023@example.com,+27 00 0000023,Kimberley,South Africa,RYSCALE-ACC-000000023
RYSCALE-CON-000000024,Lerato,Khumalo,customer000000024@example.com,+27 00 0000024,Cape Town,South Africa,RYSCALE-ACC-000000024
RYSCALE-CON-000000025,David,Nkosi,customer000000025@example.com,+27 00 0000025,Johannesburg,South Africa,RYSCALE-ACC-000000025
RYSCALE-CON-000000026, kabelo ,Hassan,customer000000026@example.com,+27 00 0000026,Durban,South Africa,RYSCALE-ACC-000000026
RYSCALE-CON-000000027,Karabo,Williams,customer000000027@example.com,+27 00 0000027,Pretoria,ZA,RYSCALE-ACC-000000027
RYSCALE-CON-000000028,Naledi,Jacobs,customer000000028@example.com,+27-00-0000028,Gqeberha,South Africa,RYSCALE-ACC-000000028
RYSCALE-CON-000000029,Siyanda,Adams,customer000000029@example.com,+27 00 0000029,BLOEMFONTEIN ,South Africa,RYSCALE-ACC-000000029
RYSCALE-CON-000000030,Amina,Petersen,customer000000030@example.com,+27 00 0000030,Polokwane,South Africa,RYSCALE-ACC-000000030
RYSCALE-CON-000000031,Thabo,Naidoo,customer000000031.typo@example.com,+27 00 0000031,Kimberley,South Africa,RYSCALE-ACC-000000031
RYSCALE-CON-000000032,Lwazi,Dlamini,customer000000032@example.com,+27 00 0000032,Cape Town,South Africa,RYSCALE-ACC-000000032
RYSCALE-CON-000000033,Emma,Ndlovu,customer000000033@example.com,,Johannesburg,South Africa,RYSCALE-ACC-000000033
RYSCALE-CON-000000034,Chloe,Botha,,+27 00 0000034,Durban,South Africa,RYSCALE-ACC-000000034
RYSCALE-CON-000000035,Zanele,Mokoena,customer000000035@example.com,+27-00-0000035,Pretoria,South Africa,RYSCALE-ACC-000000035
RYSCALE-CON-000000036,Nomsa,Maseko,customer000000036@example.com,+27 00 0000036,Gqeberha,ZA,RYSCALE-ACC-000000036
RYSCALE-CON-000000037,Daniel,Molefe,customer000000037@example.com,+27 00 0000037,Bloemfontein,South Africa,RYSCALE-ACC-000000037
RYSCALE-CON-000000038,Ayesha,Patel,CUSTOMER000000038@EXAMPLE.COM,+27 00 0000038,Polokwane,South Africa,RYSCALE-ACC-000000038
RYSCALE-CON-000000039, priya ,Smith,customer000000039@example.com,+27 00 0000039,Kimberley,South Africa,RYSCALE-ACC-000000039
RYSCALE-CON-000000040,Nandi,Khumalo,customer000000040@example.com,+27 00 0000040,Cape Town,South Africa,RYSCALE-ACC-000000040
RYSCALE-CON-000000041,Ravi,Nkosi,customer000000041@example.com,+27 00 0000041,Johannesburg,South Africa,RYSCALE-ACC-000000041
RYSCALE-CON-000000042,Fatima,Hassan,customer000000042@example.com,+27-00-0000042,Durban,South Africa,RYSCALE-ACC-000000042
RYSCALE-CON-000000043,Imran,Williams,customer000000043@example.com,+27 00 0000043,Pretoria,South Africa,RYSCALE-ACC-000000043
RYSCALE-CON-000000044,Buhle,Jacobs,customer000000044@example.com,,Gqeberha,South Africa,RYSCALE-ACC-000000044
RYSCALE-CON-000000045,Sipho,Adams,customer000000045@example.com,+27 00 0000045,Bloemfontein,ZA,RYSCALE-ACC-000000045
RYSCALE-CON-000000046,Mpho,PETERSEN,customer000000046@example.com,+27 00 0000046,Polokwane,South Africa,RYSCALE-ACC-000000046
RYSCALE-CON-000000047,Sizwe,Naidoo,customer000000047@example.com,+27 00 0000047,Kimberley,South Africa,RYSCALE-ACC-000000047
RYSCALE-CON-000000048,Lerato,Dlamini,customer000000048@example.com,+27 00 0000048,Cape Town,South Africa,RYSCALE-ACC-000000048
RYSCALE-CON-000000049,David,Ndlovu,customer000000049@example.com,+27-00-0000049,Johannesburg,South Africa,RYSCALE-ACC-000000049
RYSCALE-CON-000000050,David,Ndlovu,customer000000049@example.com,+27 00 0000049,Johannesburg,South Africa,RYSCALE-ACC-000000050
RYSCALE-CON-000000051,Karabo,Mokoena,,+27 00 0000051,Pretoria,South Africa,RYSCALE-ACC-000000051
RYSCALE-CON-000000052, naledi ,Maseko,customer000000052@example.com,+27 00 0000052,Gqeberha,South Africa,RYSCALE-ACC-000000052
RYSCALE-CON-000000053,Siyanda,Molefe,customer000000053@example.com,+27 00 0000053,Bloemfontein,South Africa,RYSCALE-ACC-000000053
RYSCALE-CON-000000054,Amina,Patel,customer000000054@example.com,+27 00 0000054,Polokwane,ZA,RYSCALE-ACC-000000054
RYSCALE-CON-000000055,Thabo,Smith,customer000000055@example.com,,Kimberley,South Africa,RYSCALE-ACC-000000055
RYSCALE-CON-000000056,Lwazi,Khumalo,customer000000056@example.com,+27-00-0000056,Cape Town,South Africa,RYSCALE-ACC-000000056
RYSCALE-CON-000000057,Emma,Nkosi,CUSTOMER000000057@EXAMPLE.COM,+27 00 0000057,Johannesburg,South Africa,RYSCALE-ACC-000000057
RYSCALE-CON-000000058,Chloe,Hassan,customer000000058@example.com,+27 00 0000058,DURBAN ,South Africa,RYSCALE-ACC-000000058
RYSCALE-CON-000000059,Zanele,Williams,customer000000059@example.com,+27 00 0000059,Pretoria,South Africa,RYSCALE-ACC-000000059
RYSCALE-CON-000000060,Nomsa,Jacobs,customer000000060@example.com,+27 00 0000060,Gqeberha,South Africa,RYSCALE-ACC-000000060
RYSCALE-CON-000000061,Daniel,Adams,customer000000061@example.com,+27 00 0000061,Bloemfontein,South Africa,RYSCALE-ACC-000000061
RYSCALE-CON-000000062,Ayesha,Petersen,customer000000062.typo@example.com,+27 00 0000062,Polokwane,South Africa,RYSCALE-ACC-000000062
RYSCALE-CON-000000063,Priya,Naidoo,customer000000063@example.com,+27-00-0000063,Kimberley,ZA,RYSCALE-ACC-000000063
RYSCALE-CON-000000064,Nandi,Dlamini,customer000000064@example.com,+27 00 0000064,Cape Town,South Africa,RYSCALE-ACC-000000064
RYSCALE-CON-000000065, ravi ,Ndlovu,customer000000065@example.com,+27 00 0000065,Johannesburg,South Africa,RYSCALE-ACC-000000065
RYSCALE-CON-000000066,Fatima,Botha,customer000000066@example.com,,Durban,South Africa,RYSCALE-ACC-000000066
RYSCALE-CON-000000067,Imran,Mokoena,customer000000067@example.com,+27 00 0000067,Pretoria,South Africa,RYSCALE-ACC-000000067
RYSCALE-CON-000000068,Buhle,Maseko,,+27 00 0000068,Gqeberha,South Africa,RYSCALE-ACC-000000068
RYSCALE-CON-000000069,Sipho,MOLEFE,customer000000069@example.com,+27 00 0000069,Bloemfontein,South Africa,RYSCALE-ACC-000000069
RYSCALE-CON-000000070,Mpho,Patel,customer000000070@example.com,+27-00-0000070,Polokwane,South Africa,RYSCALE-ACC-000000070
RYSCALE-CON-000000071,Sizwe,Smith,customer000000071@example.com,+27 00 0000071,Kimberley,South Africa,RYSCALE-ACC-000000071
RYSCALE-CON-000000072,Lerato,Khumalo,customer000000072@example.com,+27 00 0000072,Cape Town,ZA,RYSCALE-ACC-000000072
RYSCALE-CON-000000073,David,Nkosi,customer000000073@example.com,+27 00 0000073,Johannesburg,South Africa,RYSCALE-ACC-000000073
RYSCALE-CON-000000074,Kabelo,Hassan,customer000000074@example.com,+27 00 0000074,Durban,South Africa,RYSCALE-ACC-000000074
RYSCALE-CON-000000075,Karabo,Williams,customer000000075@example.com,+27 00 0000075,Pretoria,South Africa,RYSCALE-ACC-000000075
RYSCALE-CON-000000076,Naledi,Jacobs,CUSTOMER000000076@EXAMPLE.COM,+27 00 0000076,Gqeberha,South Africa,RYSCALE-ACC-000000076
RYSCALE-CON-000000077,Siyanda,Adams,customer000000077@example.com,,Bloemfontein,South Africa,RYSCALE-ACC-000000077
RYSCALE-CON-000000078, amina ,Petersen,customer000000078@example.com,+27 00 0000078,Polokwane,South Africa,RYSCALE-ACC-000000078
RYSCALE-CON-000000079,Thabo,Naidoo,customer000000079@example.com,+27 00 0000079,Kimberley,South Africa,RYSCALE-ACC-000000079
RYSCALE-CON-000000080,Lwazi,Dlamini,customer000000080@example.com,+27 00 0000080,Cape Town,South Africa,RYSCALE-ACC-000000080
RYSCALE-CON-000000081,Emma,Ndlovu,customer000000081@example.com,+27 00 0000081,Johannesburg,ZA,RYSCALE-ACC-000000081
RYSCALE-CON-000000082,Chloe,Botha,customer000000082@example.com,+27 00 0000082,Durban,South Africa,RYSCALE-ACC-000000082
RYSCALE-CON-000000083,Zanele,Mokoena,customer000000083@example.com,+27 00 0000083,Pretoria,South Africa,RYSCALE-ACC-000000083
RYSCALE-CON-000000084,Nomsa,Maseko,customer000000084@example.com,+27-00-0000084,Gqeberha,South Africa,RYSCALE-ACC-000000084
RYSCALE-CON-000000085,Daniel,Molefe,,+27 00 0000085,Bloemfontein,South Africa,RYSCALE-ACC-000000085
RYSCALE-CON-000000086,Ayesha,Patel,customer000000086@example.com,+27 00 0000086,Polokwane,South Africa,RYSCALE-ACC-000000086
RYSCALE-CON-000000087,Priya,Smith,customer000000087@example.com,+27 00 0000087,KIMBERLEY ,South Africa,RYSCALE-ACC-000000087
RYSCALE-CON-000000088,Nandi,Khumalo,customer000000088@example.com,,Cape Town,South Africa,RYSCALE-ACC-000000088
RYSCALE-CON-000000089,Ravi,Nkosi,customer000000089@example.com,+27 00 0000089,Johannesburg,South Africa,RYSCALE-ACC-000000089
RYSCALE-CON-000000090,Fatima,Hassan,customer000000090@example.com,+27 00 0000090,Durban,ZA,RYSCALE-ACC-000000090
RYSCALE-CON-000000091, imran ,Williams,customer000000091@example.com,+27-00-0000091,Pretoria,South Africa,RYSCALE-ACC-000000091
RYSCALE-CON-000000092,Buhle,JACOBS,customer000000092@example.com,+27 00 0000092,Gqeberha,South Africa,RYSCALE-ACC-000000092
RYSCALE-CON-000000093,Sipho,Adams,customer000000093.typo@example.com,+27 00 0000093,Bloemfontein,South Africa,RYSCALE-ACC-000000093
RYSCALE-CON-000000094,Mpho,Petersen,customer000000094@example.com,+27 00 0000094,Polokwane,South Africa,RYSCALE-ACC-000000094
RYSCALE-CON-000000095,Sizwe,Naidoo,CUSTOMER000000095@EXAMPLE.COM,+27 00 0000095,Kimberley,South Africa,RYSCALE-ACC-000000095
RYSCALE-CON-000000096,Lerato,Dlamini,customer000000096@example.com,+27 00 0000096,Cape Town,South Africa,RYSCALE-ACC-000000096
RYSCALE-CON-000000097,David,Ndlovu,customer000000097@example.com,+27 00 0000097,Johannesburg,South Africa,RYSCALE-ACC-000000097
RYSCALE-CON-000000098,Kabelo,Botha,customer000000098@example.com,+27-00-0000098,Durban,South Africa,RYSCALE-ACC-000000098
RYSCALE-CON-000000099,Karabo,Mokoena,customer000000099@example.com,,Pretoria,ZA,RYSCALE-ACC-000000099
RYSCALE-CON-000000100,Karabo,Mokoena,customer000000099@example.com,+27 00 0000099,Pretoria,South Africa,RYSCALE-ACC-000000100
