RY_External_ID__c,Name,Account_Key,Applicant_Key,Campaign_Key,Intake_Key,CloseDate,RY_Sample_Stage__c,RY_Expected_Value_ZAR__c
RYSCALE-OPP-000000001,DEMO Admission 000000001,RYSCALE-ACC-000000001,RYSCALE-CON-000000001,RYSCALE-CAM-000000001,RYSCALE-INT-000000017,2015-02-02,Application submitted,5900
RYSCALE-OPP-000000002,DEMO Admission 000000002,RYSCALE-ACC-000000002,RYSCALE-CON-000000002,RYSCALE-CAM-000000002,RYSCALE-INT-000000034,2015-02-03,Offer accepted,6900
RYSCALE-OPP-000000003,DEMO Admission 000000003,RYSCALE-ACC-000000003,RYSCALE-CON-000000003,RYSCALE-CAM-000000003,RYSCALE-INT-000000051,2015-02-04,Enquiry,7900
RYSCALE-OPP-000000004,DEMO Admission 000000004,RYSCALE-ACC-000000004,RYSCALE-CON-000000004,RYSCALE-CAM-000000004,RYSCALE-INT-000000068,2015-02-05,Enrolled,8900
RYSCALE-OPP-000000005,DEMO Admission 000000005,RYSCALE-ACC-000000005,RYSCALE-CON-000000005,RYSCALE-CAM-000000005,RYSCALE-INT-000000085,2015-02-06,Application submitted,9900
RYSCALE-OPP-000000006,DEMO Admission 000000006,RYSCALE-ACC-000000006,RYSCALE-CON-000000006,RYSCALE-CAM-000000006,RYSCALE-INT-000000102,2015-07-07,Offer accepted,10900
RYSCALE-OPP-000000007,DEMO Admission 000000007,RYSCALE-ACC-000000007,RYSCALE-CON-000000007,RYSCALE-CAM-000000007,RYSCALE-INT-000000119,2015-07-08,Enquiry,11900
RYSCALE-OPP-000000008,DEMO Admission 000000008,RYSCALE-ACC-000000008,RYSCALE-CON-000000008,RYSCALE-CAM-000000008,RYSCALE-INT-000000136,2015-07-09,Enrolled,12900
RYSCALE-OPP-000000009,DEMO Admission 000000009,RYSCALE-ACC-000000009,RYSCALE-CON-000000009,RYSCALE-CAM-000000009,RYSCALE-INT-000000153,2015-07-10,Application submitted,13900
RYSCALE-OPP-000000010,DEMO Admission 000000010,RYSCALE-ACC-000000010,RYSCALE-CON-000000010,RYSCALE-CAM-000000010,RYSCALE-INT-000000170,2015-07-11,Offer accepted,14900
RYSCALE-OPP-000000011,DEMO Admission 000000011,RYSCALE-ACC-000000011,RYSCALE-CON-000000011,RYSCALE-CAM-000000011,RYSCALE-INT-000000187,2016-02-12,Enquiry,15900
RYSCALE-OPP-000000012,DEMO Admission 000000012,RYSCALE-ACC-000000012,RYSCALE-CON-000000012,RYSCALE-CAM-000000012,RYSCALE-INT-000000204,2016-02-13,Enrolled,16900
RYSCALE-OPP-000000013,DEMO Admission 000000013,RYSCALE-ACC-000000013,RYSCALE-CON-000000013,RYSCALE-CAM-000000013,RYSCALE-INT-000000221,2016-02-14,Application submitted,4900
RYSCALE-OPP-000000014,DEMO Admission 000000014,RYSCALE-ACC-000000014,RYSCALE-CON-000000014,RYSCALE-CAM-000000014,RYSCALE-INT-000000238,2016-02-15,Offer accepted,5900
RYSCALE-OPP-000000015,DEMO Admission 000000015,RYSCALE-ACC-000000015,RYSCALE-CON-000000015,RYSCALE-CAM-000000015,RYSCALE-INT-000000255,2016-02-16,Enquiry,6900
RYSCALE-OPP-000000016,DEMO Admission 000000016,RYSCALE-ACC-000000016,RYSCALE-CON-000000016,RYSCALE-CAM-000000016,RYSCALE-INT-000000272,2016-02-17,Enrolled,7900
RYSCALE-OPP-000000017,DEMO Admission 000000017,RYSCALE-ACC-000000017,RYSCALE-CON-000000017,RYSCALE-CAM-000000017,RYSCALE-INT-000000289,2016-07-18,application submited ,8900
RYSCALE-OPP-000000018,DEMO Admission 000000018,RYSCALE-ACC-000000018,RYSCALE-CON-000000018,RYSCALE-CAM-000000018,RYSCALE-INT-000000306,2016-07-19,Offer accepted,9900
RYSCALE-OPP-000000019,DEMO Admission 000000019,RYSCALE-ACC-000000019,RYSCALE-CON-000000019,RYSCALE-CAM-000000019,RYSCALE-INT-000000323,2016-07-20,Enquiry,10900
RYSCALE-OPP-000000020,DEMO Admission 000000020,RYSCALE-ACC-000000020,RYSCALE-CON-000000020,RYSCALE-CAM-000000020,RYSCALE-INT-000000340,2016-07-01,Enrolled,11900
RYSCALE-OPP-000000021,DEMO Admission 000000021,RYSCALE-ACC-000000021,RYSCALE-CON-000000021,RYSCALE-CAM-000000021,RYSCALE-INT-000000357,2016-07-02,Application submitted,12900
RYSCALE-OPP-000000022,DEMO Admission 000000022,RYSCALE-ACC-000000022,RYSCALE-CON-000000022,RYSCALE-CAM-000000022,RYSCALE-INT-000000374,2017-02-03,Offer accepted,13900
RYSCALE-OPP-000000023,DEMO Admission 000000023,RYSCALE-ACC-000000023,RYSCALE-CON-000000023,RYSCALE-CAM-000000023,RYSCALE-INT-000000391,2017-02-04,Enquiry,14900
RYSCALE-OPP-000000024,DEMO Admission 000000024,RYSCALE-ACC-000000024,RYSCALE-CON-000000024,RYSCALE-CAM-000000024,RYSCALE-INT-000000408,2017-02-05,Enrolled,15900
RYSCALE-OPP-000000025,DEMO Admission 000000025,RYSCALE-ACC-000000025,RYSCALE-CON-000000025,RYSCALE-CAM-000000025,RYSCALE-INT-000000425,2017-02-06,Application submitted,16900
RYSCALE-OPP-000000026,DEMO Admission 000000026,RYSCALE-ACC-000000026,RYSCALE-CON-000000026,RYSCALE-CAM-000000026,RYSCALE-INT-000000442,2017-02-07,Offer accepted,4900
RYSCALE-OPP-000000027,DEMO Admission 000000027,RYSCALE-ACC-000000027,RYSCALE-CON-000000027,RYSCALE-CAM-000000027,RYSCALE-INT-000000459,2017-07-08,Enquiry,5900
RYSCALE-OPP-000000028,DEMO Admission 000000028,RYSCALE-ACC-000000028,RYSCALE-CON-000000028,RYSCALE-CAM-000000028,RYSCALE-INT-000000476,2017-07-09,Enrolled,6900
RYSCALE-OPP-000000029,DEMO Admission 000000029,RYSCALE-ACC-000000029,RYSCALE-CON-000000029,RYSCALE-CAM-000000029,RYSCALE-INT-000000493,2017-07-10,Application submitted,7900
RYSCALE-OPP-000000030,DEMO Admission 000000030,RYSCALE-ACC-000000030,RYSCALE-CON-000000030,RYSCALE-CAM-000000030,RYSCALE-INT-000000510,2017-07-11,Offer accepted,8900
RYSCALE-OPP-000000031,DEMO Admission 000000031,RYSCALE-ACC-000000031,RYSCALE-CON-000000031,RYSCALE-CAM-000000031,RYSCALE-INT-000000527,2017-07-12,Enquiry,9900
RYSCALE-OPP-000000032,DEMO Admission 000000032,RYSCALE-ACC-000000032,RYSCALE-CON-000000032,RYSCALE-CAM-000000032,RYSCALE-INT-000000544,2017-07-13,Enrolled,10900
RYSCALE-OPP-000000033,DEMO Admission 000000033,RYSCALE-ACC-000000033,RYSCALE-CON-000000033,RYSCALE-CAM-000000033,RYSCALE-INT-000000561,2018-02-14,Application submitted,11900
RYSCALE-OPP-000000034,DEMO Admission 000000034,RYSCALE-ACC-000000034,RYSCALE-CON-000000034,RYSCALE-CAM-000000034,RYSCALE-INT-000000578,2018-02-15,application submited ,12900
RYSCALE-OPP-000000035,DEMO Admission 000000035,RYSCALE-ACC-000000035,RYSCALE-CON-000000035,RYSCALE-CAM-000000035,RYSCALE-INT-000000595,2018-02-16,Enquiry,13900
RYSCALE-OPP-000000036,DEMO Admission 000000036,RYSCALE-ACC-000000036,RYSCALE-CON-000000036,RYSCALE-CAM-000000036,RYSCALE-INT-000000612,2018-02-17,Enrolled,14900
RYSCALE-OPP-000000037,DEMO Admission 000000037,RYSCALE-ACC-000000037,RYSCALE-CON-000000037,RYSCALE-CAM-000000037,RYSCALE-INT-000000629,2018-02-18,Application submitted,159000
RYSCALE-OPP-000000038,DEMO Admission 000000038,RYSCALE-ACC-000000038,RYSCALE-CON-000000038,RYSCALE-CAM-000000038,RYSCALE-INT-000000646,2018-07-19,Offer accepted,16900
RYSCALE-OPP-000000039,DEMO Admission 000000039,RYSCALE-ACC-000000039,RYSCALE-CON-000000039,RYSCALE-CAM-000000039,RYSCALE-INT-000000663,2018-07-20,Enquiry,4900
RYSCALE-OPP-000000040,DEMO Admission 000000040,RYSCALE-ACC-000000040,RYSCALE-CON-000000040,RYSCALE-CAM-000000040,RYSCALE-INT-000000680,2018-07-01,Enrolled,5900
RYSCALE-OPP-000000041,DEMO Admission 000000041,RYSCALE-ACC-000000041,RYSCALE-CON-000000041,RYSCALE-CAM-000000041,RYSCALE-INT-000000697,2099-01-01,Application submitted,6900
RYSCALE-OPP-000000042,DEMO Admission 000000042,RYSCALE-ACC-000000042,RYSCALE-CON-000000042,RYSCALE-CAM-000000042,RYSCALE-INT-000000714,2018-07-03,Offer accepted,7900
RYSCALE-OPP-000000043,DEMO Admission 000000043,RYSCALE-ACC-000000043,RYSCALE-CON-000000043,RYSCALE-CAM-000000043,RYSCALE-INT-000000731,2019-02-04,Enquiry,8900
RYSCALE-OPP-000000044,DEMO Admission 000000044,RYSCALE-ACC-000000044,RYSCALE-CON-000000044,RYSCALE-CAM-000000044,RYSCALE-INT-000000748,2019-02-05,Enrolled,9900
RYSCALE-OPP-000000045,DEMO Admission 000000045,RYSCALE-ACC-000000045,RYSCALE-CON-000000045,RYSCALE-CAM-000000045,RYSCALE-INT-000000765,2019-02-06,Application submitted,10900
RYSCALE-OPP-000000046,DEMO Admission 000000046,RYSCALE-ACC-000000046,RYSCALE-CON-000000046,RYSCALE-CAM-000000046,RYSCALE-INT-000000782,2019-02-07,Offer accepted,11900
RYSCALE-OPP-000000047,DEMO Admission 000000047,RYSCALE-ACC-000000047,RYSCALE-CON-000000047,RYSCALE-CAM-000000047,RYSCALE-INT-000000799,2019-02-08,Enquiry,12900
RYSCALE-OPP-000000048,DEMO Admission 000000048,RYSCALE-ACC-000000048,RYSCALE-CON-000000048,RYSCALE-CAM-000000048,RYSCALE-INT-000000816,2019-02-09,Enrolled,13900
RYSCALE-OPP-000000049,DEMO Admission 000000049,RYSCALE-ACC-000000049,RYSCALE-CON-000000049,RYSCALE-CAM-000000049,RYSCALE-INT-000000833,2019-07-10,Application submitted,14900
RYSCALE-OPP-000000050,DEMO Admission 000000050,RYSCALE-ACC-000000050,RYSCALE-CON-000000050,RYSCALE-CAM-000000050,RYSCALE-INT-000000850,2019-07-11,Offer accepted,15900
RYSCALE-OPP-000000051,DEMO Admission 000000051,RYSCALE-ACC-000000051,RYSCALE-CON-000000051,RYSCALE-CAM-000000051,RYSCALE-INT-000000867,2019-07-12,application submited ,16900
RYSCALE-OPP-000000052,DEMO Admission 000000052,RYSCALE-ACC-000000052,RYSCALE-CON-000000052,RYSCALE-CAM-000000052,RYSCALE-INT-000000884,2019-07-13,Enrolled,4900
RYSCALE-OPP-000000053,DEMO Admission 000000053,RYSCALE-ACC-000000053,RYSCALE-CON-000000053,RYSCALE-CAM-000000053,RYSCALE-INT-000000901,2019-07-14,Application submitted,5900
RYSCALE-OPP-000000054,DEMO Admission 000000054,RYSCALE-ACC-000000054,RYSCALE-CON-000000054,RYSCALE-CAM-000000054,RYSCALE-INT-000000918,2020-02-15,Offer accepted,6900
RYSCALE-OPP-000000055,DEMO Admission 000000055,RYSCALE-ACC-000000055,RYSCALE-CON-000000055,RYSCALE-CAM-000000055,RYSCALE-INT-000000935,2020-02-16,Enquiry,7900
RYSCALE-OPP-000000056,DEMO Admission 000000056,RYSCALE-ACC-000000056,RYSCALE-CON-000000056,RYSCALE-CAM-000000056,RYSCALE-INT-000000952,2020-02-17,Enrolled,8900
RYSCALE-OPP-000000057,DEMO Admission 000000057,RYSCALE-ACC-000000057,RYSCALE-CON-000000057,RYSCALE-CAM-000000057,RYSCALE-INT-000000969,2020-02-18,Application submitted,9900
RYSCALE-OPP-000000058,DEMO Admission 000000058,RYSCALE-ACC-000000058,RYSCALE-CON-000000058,RYSCALE-CAM-000000058,RYSCALE-INT-000000986,2020-02-19,Offer accepted,10900
RYSCALE-OPP-000000059,DEMO Admission 000000059,RYSCALE-ACC-000000059,RYSCALE-CON-000000059,RYSCALE-CAM-000000059,RYSCALE-INT-000001003,2020-07-20,Enquiry,11900
RYSCALE-OPP-000000060,DEMO Admission 000000060,RYSCALE-ACC-000000060,RYSCALE-CON-000000060,RYSCALE-CAM-000000060,RYSCALE-INT-000001020,2020-07-01,Enrolled,12900
RYSCALE-OPP-000000061,DEMO Admission 000000061,RYSCALE-ACC-000000061,RYSCALE-CON-000000061,RYSCALE-CAM-000000061,RYSCALE-INT-000001037,2020-07-02,Application submitted,13900
RYSCALE-OPP-000000062,DEMO Admission 000000062,RYSCALE-ACC-000000062,RYSCALE-CON-000000062,RYSCALE-CAM-000000062,RYSCALE-INT-000001054,2020-07-03,Offer accepted,14900
RYSCALE-OPP-000000063,DEMO Admission 000000063,RYSCALE-ACC-000000063,RYSCALE-CON-000000063,RYSCALE-CAM-000000063,RYSCALE-INT-000001071,2020-07-04,Enquiry,15900
RYSCALE-OPP-000000064,DEMO Admission 000000064,RYSCALE-ACC-000000064,RYSCALE-CON-000000064,RYSCALE-CAM-000000064,RYSCALE-INT-000001088,2020-07-05,Enrolled,16900
RYSCALE-OPP-000000065,DEMO Admission 000000065,RYSCALE-ACC-000000065,RYSCALE-CON-000000065,RYSCALE-CAM-000000065,RYSCALE-INT-000001105,2021-02-06,Application submitted,4900
RYSCALE-OPP-000000066,DEMO Admission 000000066,RYSCALE-ACC-000000066,RYSCALE-CON-000000066,RYSCALE-CAM-000000066,RYSCALE-INT-000001122,2021-02-07,Offer accepted,5900
RYSCALE-OPP-000000067,DEMO Admission 000000067,RYSCALE-ACC-000000067,RYSCALE-CON-000000067,RYSCALE-CAM-000000067,RYSCALE-INT-000001139,2021-02-08,Enquiry,6900
RYSCALE-OPP-000000068,DEMO Admission 000000068,RYSCALE-ACC-000000068,RYSCALE-CON-000000068,RYSCALE-CAM-000000068,RYSCALE-INT-000001156,2021-02-09,application submited ,7900
RYSCALE-OPP-000000069,DEMO Admission 000000069,RYSCALE-ACC-000000069,RYSCALE-CON-000000069,RYSCALE-CAM-000000069,RYSCALE-INT-000001173,2021-02-10,Application submitted,8900
RYSCALE-OPP-000000070,DEMO Admission 000000070,RYSCALE-ACC-000000070,RYSCALE-CON-000000070,RYSCALE-CAM-000000070,RYSCALE-INT-000001190,2021-07-11,Offer accepted,9900
RYSCALE-OPP-000000071,DEMO Admission 000000071,RYSCALE-ACC-000000071,RYSCALE-CON-000000071,RYSCALE-CAM-000000071,RYSCALE-INT-000001207,2021-07-12,Enquiry,10900
RYSCALE-OPP-000000072,DEMO Admission 000000072,RYSCALE-ACC-000000072,RYSCALE-CON-000000072,RYSCALE-CAM-000000072,RYSCALE-INT-000001224,2021-07-13,Enrolled,11900
RYSCALE-OPP-000000073,DEMO Admission 000000073,RYSCALE-ACC-000000073,RYSCALE-CON-000000073,RYSCALE-CAM-000000073,RYSCALE-INT-000001241,2021-07-14,Application submitted,12900
RYSCALE-OPP-000000074,DEMO Admission 000000074,RYSCALE-ACC-000000074,RYSCALE-CON-000000074,RYSCALE-CAM-000000074,RYSCALE-INT-000001258,2021-07-15,Offer accepted,139000
RYSCALE-OPP-000000075,DEMO Admission 000000075,RYSCALE-ACC-000000075,RYSCALE-CON-000000075,RYSCALE-CAM-000000075,RYSCALE-INT-000001275,2022-02-16,Enquiry,14900
RYSCALE-OPP-000000076,DEMO Admission 000000076,RYSCALE-ACC-000000076,RYSCALE-CON-000000076,RYSCALE-CAM-000000076,RYSCALE-INT-000001292,2022-02-17,Enrolled,15900
RYSCALE-OPP-000000077,DEMO Admission 000000077,RYSCALE-ACC-000000077,RYSCALE-CON-000000077,RYSCALE-CAM-000000077,RYSCALE-INT-000001309,2022-02-18,Application submitted,16900
RYSCALE-OPP-000000078,DEMO Admission 000000078,RYSCALE-ACC-000000078,RYSCALE-CON-000000078,RYSCALE-CAM-000000078,RYSCALE-INT-000001326,2022-02-19,Offer accepted,4900
RYSCALE-OPP-000000079,DEMO Admission 000000079,RYSCALE-ACC-000000079,RYSCALE-CON-000000079,RYSCALE-CAM-000000079,RYSCALE-INT-000001343,2022-02-20,Enquiry,5900
RYSCALE-OPP-000000080,DEMO Admission 000000080,RYSCALE-ACC-000000080,RYSCALE-CON-000000080,RYSCALE-CAM-000000080,RYSCALE-INT-000001360,2022-02-01,Enrolled,6900
RYSCALE-OPP-000000081,DEMO Admission 000000081,RYSCALE-ACC-000000081,RYSCALE-CON-000000081,RYSCALE-CAM-000000081,RYSCALE-INT-000001377,2022-07-02,Application submitted,7900
RYSCALE-OPP-000000082,DEMO Admission 000000082,RYSCALE-ACC-000000082,RYSCALE-CON-000000082,RYSCALE-CAM-000000082,RYSCALE-INT-000001394,2099-01-01,Offer accepted,8900
RYSCALE-OPP-000000083,DEMO Admission 000000083,RYSCALE-ACC-000000083,RYSCALE-CON-000000083,RYSCALE-CAM-000000083,RYSCALE-INT-000001411,2022-07-04,Enquiry,9900
RYSCALE-OPP-000000084,DEMO Admission 000000084,RYSCALE-ACC-000000084,RYSCALE-CON-000000084,RYSCALE-CAM-000000084,RYSCALE-INT-000001428,2022-07-05,Enrolled,10900
RYSCALE-OPP-000000085,DEMO Admission 000000085,RYSCALE-ACC-000000085,RYSCALE-CON-000000085,RYSCALE-CAM-000000085,RYSCALE-INT-000001445,2022-07-06,application submited ,11900
RYSCALE-OPP-000000086,DEMO Admission 000000086,RYSCALE-ACC-000000086,RYSCALE-CON-000000086,RYSCALE-CAM-000000086,RYSCALE-INT-000001462,2023-02-07,Offer accepted,12900
RYSCALE-OPP-000000087,DEMO Admission 000000087,RYSCALE-ACC-000000087,RYSCALE-CON-000000087,RYSCALE-CAM-000000087,RYSCALE-INT-000001479,2023-02-08,Enquiry,13900
RYSCALE-OPP-000000088,DEMO Admission 000000088,RYSCALE-ACC-000000088,RYSCALE-CON-000000088,RYSCALE-CAM-000000088,RYSCALE-INT-000001496,2023-02-09,Enrolled,14900
RYSCALE-OPP-000000089,DEMO Admission 000000089,RYSCALE-ACC-000000089,RYSCALE-CON-000000089,RYSCALE-CAM-000000089,RYSCALE-INT-000001513,2023-02-10,Application submitted,15900
RYSCALE-OPP-000000090,DEMO Admission 000000090,RYSCALE-ACC-000000090,RYSCALE-CON-000000090,RYSCALE-CAM-000000090,RYSCALE-INT-000001530,2023-02-11,Offer accepted,16900
RYSCALE-OPP-000000091,DEMO Admission 000000091,RYSCALE-ACC-000000091,RYSCALE-CON-000000091,RYSCALE-CAM-000000091,RYSCALE-INT-000001547,2023-02-12,Enquiry,4900
RYSCALE-OPP-000000092,DEMO Admission 000000092,RYSCALE-ACC-000000092,RYSCALE-CON-000000092,RYSCALE-CAM-000000092,RYSCALE-INT-000001564,2023-07-13,Enrolled,5900
RYSCALE-OPP-000000093,DEMO Admission 000000093,RYSCALE-ACC-000000093,RYSCALE-CON-000000093,RYSCALE-CAM-000000093,RYSCALE-INT-000001581,2023-07-14,Application submitted,6900
RYSCALE-OPP-000000094,DEMO Admission 000000094,RYSCALE-ACC-000000094,RYSCALE-CON-000000094,RYSCALE-CAM-000000094,RYSCALE-INT-000001598,2023-07-15,Offer accepted,7900
RYSCALE-OPP-000000095,DEMO Admission 000000095,RYSCALE-ACC-000000095,RYSCALE-CON-000000095,RYSCALE-CAM-000000095,RYSCALE-INT-000001615,2023-07-16,Enquiry,8900
RYSCALE-OPP-000000096,DEMO Admission 000000096,RYSCALE-ACC-000000096,RYSCALE-CON-000000096,RYSCALE-CAM-000000096,RYSCALE-INT-000001632,2023-07-17,Enrolled,9900
RYSCALE-OPP-000000097,DEMO Admission 000000097,RYSCALE-ACC-000000097,RYSCALE-CON-000000097,RYSCALE-CAM-000000097,RYSCALE-INT-000001649,2024-02-18,Application submitted,10900
RYSCALE-OPP-000000098,DEMO Admission 000000098,RYSCALE-ACC-000000098,RYSCALE-CON-000000098,RYSCALE-CAM-000000098,RYSCALE-INT-000001666,2024-02-19,Offer accepted,11900
RYSCALE-OPP-000000099,DEMO Admission 000000099,RYSCALE-ACC-000000099,RYSCALE-CON-000000099,RYSCALE-CAM-000000099,RYSCALE-INT-000001683,2024-02-20,Enquiry,12900
RYSCALE-OPP-000000100,DEMO Admission 000000100,RYSCALE-ACC-000000100,RYSCALE-CON-000000100,RYSCALE-CAM-000000100,RYSCALE-INT-000001700,2024-02-01,Enrolled,13900
