RY_External_ID__c,Student_Key,Application_Key,Enrolled_Date__c,Status__c,Agreed_Fee_ZAR__c
RYSCALE-ENR-000000001,RYSCALE-STU-000000001,RYSCALE-APP-000000001,2015-02-08,Registered,5900
RYSCALE-ENR-000000002,RYSCALE-STU-000000002,RYSCALE-APP-000000002,2015-02-08,Registered,6900
RYSCALE-ENR-000000003,RYSCALE-STU-000000003,RYSCALE-APP-000000003,2015-02-08,Registered,7900
RYSCALE-ENR-000000004,RYSCALE-STU-000000004,RYSCALE-APP-000000004,2015-02-08,Registered,8900
RYSCALE-ENR-000000005,RYSCALE-STU-000000005,RYSCALE-APP-000000005,2015-02-08,Registered,9900
RYSCALE-ENR-000000006,RYSCALE-STU-000000006,RYSCALE-APP-000000006,2015-07-08,Registered,10900
RYSCALE-ENR-000000007,RYSCALE-STU-000000007,RYSCALE-APP-000000007,2015-07-08,Registered,11900
RYSCALE-ENR-000000008,RYSCALE-STU-000000008,RYSCALE-APP-000000008,2015-07-08,Registered,12900
RYSCALE-ENR-000000009,RYSCALE-STU-000000009,RYSCALE-APP-000000009,2015-07-08,Registered,13900
RYSCALE-ENR-000000010,RYSCALE-STU-000000010,RYSCALE-APP-000000010,2015-07-08,Registered,14900
RYSCALE-ENR-000000011,RYSCALE-STU-000000011,RYSCALE-APP-000000011,2016-02-08,Registered,15900
RYSCALE-ENR-000000012,RYSCALE-STU-000000012,RYSCALE-APP-000000012,2016-02-08,Registered,16900
RYSCALE-ENR-000000013,RYSCALE-STU-000000013,RYSCALE-APP-000000013,2016-02-08,Registered,4900
RYSCALE-ENR-000000014,RYSCALE-STU-000000014,RYSCALE-APP-000000014,2016-02-08,Registered,5900
RYSCALE-ENR-000000015,RYSCALE-STU-000000015,RYSCALE-APP-000000015,2016-02-08,Registered,6900
RYSCALE-ENR-000000016,RYSCALE-STU-000000016,RYSCALE-APP-000000016,2016-02-08,Registered,7900
RYSCALE-ENR-000000017,RYSCALE-STU-000000017,RYSCALE-APP-000000017,2016-07-08,REGISTRED ,8900
RYSCALE-ENR-000000018,RYSCALE-STU-000000018,RYSCALE-APP-000000018,2016-07-08,Registered,9900
RYSCALE-ENR-000000019,RYSCALE-STU-000000019,RYSCALE-APP-000000019,2016-07-08,Registered,10900
RYSCALE-ENR-000000020,RYSCALE-STU-000000020,RYSCALE-APP-000000020,2016-07-08,Registered,11900
RYSCALE-ENR-000000021,RYSCALE-STU-000000021,RYSCALE-APP-000000021,2016-07-08,Registered,12900
RYSCALE-ENR-000000022,RYSCALE-STU-000000022,RYSCALE-APP-000000022,2017-02-08,Registered,13900
RYSCALE-ENR-000000023,RYSCALE-STU-000000023,RYSCALE-APP-000000023,2017-02-08,Registered,14900
RYSCALE-ENR-000000024,RYSCALE-STU-000000024,RYSCALE-APP-000000024,2017-02-08,Registered,15900
RYSCALE-ENR-000000025,RYSCALE-STU-000000025,RYSCALE-APP-000000025,2017-02-08,Registered,16900
RYSCALE-ENR-000000026,RYSCALE-STU-000000026,RYSCALE-APP-000000026,2017-02-08,Registered,4900
RYSCALE-ENR-000000027,RYSCALE-STU-000000027,RYSCALE-APP-000000027,2017-07-08,Registered,5900
RYSCALE-ENR-000000028,RYSCALE-STU-000000028,RYSCALE-APP-000000028,2017-07-08,Registered,6900
RYSCALE-ENR-000000029,RYSCALE-STU-000000029,RYSCALE-APP-000000029,2017-07-08,Registered,7900
RYSCALE-ENR-000000030,RYSCALE-STU-000000030,RYSCALE-APP-000000030,2017-07-08,Registered,8900
RYSCALE-ENR-000000031,RYSCALE-STU-000000031,RYSCALE-APP-000000031,2017-07-08,Registered,9900
RYSCALE-ENR-000000032,RYSCALE-STU-000000032,RYSCALE-APP-000000032,2017-07-08,Registered,10900
RYSCALE-ENR-000000033,RYSCALE-STU-000000033,RYSCALE-APP-000000033,2018-02-08,Registered,11900
RYSCALE-ENR-000000034,RYSCALE-STU-000000034,RYSCALE-APP-000000034,2018-02-08,REGISTRED ,12900
RYSCALE-ENR-000000035,RYSCALE-STU-000000035,RYSCALE-APP-000000035,2018-02-08,Registered,13900
RYSCALE-ENR-000000036,RYSCALE-STU-000000036,RYSCALE-APP-000000036,2018-02-08,Registered,14900
RYSCALE-ENR-000000037,RYSCALE-STU-000000037,RYSCALE-APP-000000037,2018-02-08,Registered,159000
RYSCALE-ENR-000000038,RYSCALE-STU-000000038,RYSCALE-APP-000000038,2018-07-08,Registered,16900
RYSCALE-ENR-000000039,RYSCALE-STU-000000039,RYSCALE-APP-000000039,2018-07-08,Registered,4900
RYSCALE-ENR-000000040,RYSCALE-STU-000000040,RYSCALE-APP-000000040,2018-07-08,Registered,5900
RYSCALE-ENR-000000041,RYSCALE-STU-000000041,RYSCALE-APP-000000041,2018-07-08,Registered,6900
RYSCALE-ENR-000000042,RYSCALE-STU-000000042,RYSCALE-APP-000000042,2018-07-08,Registered,7900
RYSCALE-ENR-000000043,RYSCALE-STU-000000043,RYSCALE-APP-000000043,2019-02-08,Registered,8900
RYSCALE-ENR-000000044,RYSCALE-STU-000000044,RYSCALE-APP-000000044,2019-02-08,Registered,9900
RYSCALE-ENR-000000045,RYSCALE-STU-000000045,RYSCALE-APP-000000045,2019-02-08,Registered,10900
RYSCALE-ENR-000000046,RYSCALE-STU-000000046,RYSCALE-APP-000000046,2019-02-08,Registered,11900
RYSCALE-ENR-000000047,RYSCALE-STU-000000047,RYSCALE-APP-000000047,2019-02-08,Registered,12900
RYSCALE-ENR-000000048,RYSCALE-STU-000000048,RYSCALE-APP-000000048,2019-02-08,Registered,13900
RYSCALE-ENR-000000049,RYSCALE-STU-000000049,RYSCALE-APP-000000049,2019-07-08,Registered,14900
RYSCALE-ENR-000000050,RYSCALE-STU-000000050,RYSCALE-APP-000000050,2019-07-08,Registered,15900
RYSCALE-ENR-000000051,RYSCALE-STU-000000051,RYSCALE-APP-000000051,2019-07-08,REGISTRED ,16900
RYSCALE-ENR-000000052,RYSCALE-STU-000000052,RYSCALE-APP-000000052,2019-07-08,Registered,4900
RYSCALE-ENR-000000053,RYSCALE-STU-000000053,RYSCALE-APP-000000053,2019-07-08,Registered,5900
RYSCALE-ENR-000000054,RYSCALE-STU-000000054,RYSCALE-APP-000000054,2020-02-08,Registered,6900
RYSCALE-ENR-000000055,RYSCALE-STU-000000055,RYSCALE-APP-000000055,2020-02-08,Registered,7900
RYSCALE-ENR-000000056,RYSCALE-STU-000000056,RYSCALE-APP-000000056,2020-02-08,Registered,8900
RYSCALE-ENR-000000057,RYSCALE-STU-000000057,RYSCALE-APP-000000057,2020-02-08,Registered,9900
RYSCALE-ENR-000000058,RYSCALE-STU-000000058,RYSCALE-APP-000000058,2020-02-08,Registered,10900
RYSCALE-ENR-000000059,RYSCALE-STU-000000059,RYSCALE-APP-000000059,2020-07-08,Registered,11900
RYSCALE-ENR-000000060,RYSCALE-STU-000000060,RYSCALE-APP-000000060,2020-07-08,Registered,12900
RYSCALE-ENR-000000061,RYSCALE-STU-000000061,RYSCALE-APP-000000061,2020-07-08,Registered,13900
RYSCALE-ENR-000000062,RYSCALE-STU-000000062,RYSCALE-APP-000000062,2020-07-08,Registered,14900
RYSCALE-ENR-000000063,RYSCALE-STU-000000063,RYSCALE-APP-000000063,2020-07-08,Registered,15900
RYSCALE-ENR-000000064,RYSCALE-STU-000000064,RYSCALE-APP-000000064,2020-07-08,Registered,16900
RYSCALE-ENR-000000065,RYSCALE-STU-000000065,RYSCALE-APP-000000065,2021-02-08,Registered,4900
RYSCALE-ENR-000000066,RYSCALE-STU-000000066,RYSCALE-APP-000000066,2021-02-08,Registered,5900
RYSCALE-ENR-000000067,RYSCALE-STU-000000067,RYSCALE-APP-000000067,2021-02-08,Registered,6900
RYSCALE-ENR-000000068,RYSCALE-STU-000000068,RYSCALE-APP-000000068,2021-02-08,REGISTRED ,7900
RYSCALE-ENR-000000069,RYSCALE-STU-000000069,RYSCALE-APP-000000069,2021-02-08,Registered,8900
RYSCALE-ENR-000000070,RYSCALE-STU-000000070,RYSCALE-APP-000000070,2021-07-08,Registered,9900
RYSCALE-ENR-000000071,RYSCALE-STU-000000071,RYSCALE-APP-000000071,2021-07-08,Registered,10900
RYSCALE-ENR-000000072,RYSCALE-STU-000000072,RYSCALE-APP-000000072,2021-07-08,Registered,11900
RYSCALE-ENR-000000073,RYSCALE-STU-000000073,RYSCALE-APP-000000073,2021-07-08,Registered,12900
RYSCALE-ENR-000000074,RYSCALE-STU-000000074,RYSCALE-APP-000000074,2021-07-08,Registered,139000
RYSCALE-ENR-000000075,RYSCALE-STU-000000075,RYSCALE-APP-000000075,2022-02-08,Registered,14900
RYSCALE-ENR-000000076,RYSCALE-STU-000000076,RYSCALE-APP-000000076,2022-02-08,Registered,15900
RYSCALE-ENR-000000077,RYSCALE-STU-000000077,RYSCALE-APP-000000077,2022-02-08,Registered,16900
RYSCALE-ENR-000000078,RYSCALE-STU-000000078,RYSCALE-APP-000000078,2022-02-08,Registered,4900
RYSCALE-ENR-000000079,RYSCALE-STU-000000079,RYSCALE-APP-000000079,2022-02-08,Registered,5900
RYSCALE-ENR-000000080,RYSCALE-STU-000000080,RYSCALE-APP-000000080,2022-02-08,Registered,6900
RYSCALE-ENR-000000081,RYSCALE-STU-000000081,RYSCALE-APP-000000081,2022-07-08,Registered,7900
RYSCALE-ENR-000000082,RYSCALE-STU-000000082,RYSCALE-APP-000000082,2022-07-08,Registered,8900
RYSCALE-ENR-000000083,RYSCALE-STU-000000083,RYSCALE-APP-000000083,2022-07-08,Registered,9900
RYSCALE-ENR-000000084,RYSCALE-STU-000000084,RYSCALE-APP-000000084,2022-07-08,Registered,10900
RYSCALE-ENR-000000085,RYSCALE-STU-000000085,RYSCALE-APP-000000085,2022-07-08,REGISTRED ,11900
RYSCALE-ENR-000000086,RYSCALE-STU-000000086,RYSCALE-APP-000000086,2023-02-08,Registered,12900
RYSCALE-ENR-000000087,RYSCALE-STU-000000087,RYSCALE-APP-000000087,2023-02-08,Registered,13900
RYSCALE-ENR-000000088,RYSCALE-STU-000000088,RYSCALE-APP-000000088,2023-02-08,Registered,14900
RYSCALE-ENR-000000089,RYSCALE-STU-000000089,RYSCALE-APP-000000089,2023-02-08,Registered,15900
RYSCALE-ENR-000000090,RYSCALE-STU-000000090,RYSCALE-APP-000000090,2023-02-08,Registered,16900
RYSCALE-ENR-000000091,RYSCALE-STU-000000091,RYSCALE-APP-000000091,2023-02-08,Registered,4900
RYSCALE-ENR-000000092,RYSCALE-STU-000000092,RYSCALE-APP-000000092,2023-07-08,Registered,5900
RYSCALE-ENR-000000093,RYSCALE-STU-000000093,RYSCALE-APP-000000093,2023-07-08,Registered,6900
RYSCALE-ENR-000000094,RYSCALE-STU-000000094,RYSCALE-APP-000000094,2023-07-08,Registered,7900
RYSCALE-ENR-000000095,RYSCALE-STU-000000095,RYSCALE-APP-000000095,2023-07-08,Registered,8900
RYSCALE-ENR-000000096,RYSCALE-STU-000000096,RYSCALE-APP-000000096,2023-07-08,Registered,9900
RYSCALE-ENR-000000097,RYSCALE-STU-000000097,RYSCALE-APP-000000097,2024-02-08,Registered,10900
RYSCALE-ENR-000000098,RYSCALE-STU-000000098,RYSCALE-APP-000000098,2024-02-08,Registered,11900
RYSCALE-ENR-000000099,RYSCALE-STU-000000099,RYSCALE-APP-000000099,2024-02-08,Registered,12900
RYSCALE-ENR-000000100,RYSCALE-STU-000000100,RYSCALE-APP-000000100,2024-02-08,Registered,13900
