object,reference_external_id,dirty_external_id
RY_Programme__c,RY-PROG-001,RY-DIRTY-PROG-001
RY_Programme__c,RY-PROG-002,RY-DIRTY-PROG-002
RY_Programme__c,RY-PROG-003,RY-DIRTY-PROG-003
RY_Programme__c,RY-PROG-004,RY-DIRTY-PROG-004
RY_Programme__c,RY-PROG-005,RY-DIRTY-PROG-005
RY_Programme__c,RY-PROG-006,RY-DIRTY-PROG-006
RY_Programme__c,RY-PROG-007,RY-DIRTY-PROG-007
RY_Programme__c,RY-PROG-008,RY-DIRTY-PROG-008
RY_Programme__c,RY-PROG-009,RY-DIRTY-PROG-009
RY_Programme__c,RY-PROG-010,RY-DIRTY-PROG-010
RY_Programme__c,RY-PROG-011,RY-DIRTY-PROG-011
RY_Programme__c,RY-PROG-012,RY-DIRTY-PROG-012
RY_Programme__c,RY-PROG-013,RY-DIRTY-PROG-013
RY_Programme__c,RY-PROG-014,RY-DIRTY-PROG-014
RY_Programme__c,RY-PROG-015,RY-DIRTY-PROG-015
RY_Programme__c,RY-PROG-016,RY-DIRTY-PROG-016
RY_Programme__c,RY-PROG-017,RY-DIRTY-PROG-017
RY_Programme__c,RY-PROG-018,RY-DIRTY-PROG-018
RY_Programme__c,RY-PROG-019,RY-DIRTY-PROG-019
RY_Programme__c,RY-PROG-020,RY-DIRTY-PROG-020
RY_Programme__c,RY-PROG-021,RY-DIRTY-PROG-021
RY_Programme__c,RY-PROG-022,RY-DIRTY-PROG-022
RY_Programme__c,RY-PROG-023,RY-DIRTY-PROG-023
RY_Programme__c,RY-PROG-024,RY-DIRTY-PROG-024
RY_Programme__c,RY-PROG-025,RY-DIRTY-PROG-025
RY_Programme__c,RY-PROG-026,RY-DIRTY-PROG-026
RY_Programme__c,RY-PROG-027,RY-DIRTY-PROG-027
RY_Programme__c,RY-PROG-028,RY-DIRTY-PROG-028
RY_Programme__c,RY-PROG-029,RY-DIRTY-PROG-029
RY_Programme__c,RY-PROG-030,RY-DIRTY-PROG-030
RY_Programme__c,RY-PROG-031,RY-DIRTY-PROG-031
RY_Programme__c,RY-PROG-032,RY-DIRTY-PROG-032
RY_Programme__c,RY-PROG-033,RY-DIRTY-PROG-033
RY_Programme__c,RY-PROG-034,RY-DIRTY-PROG-034
RY_Programme__c,RY-PROG-035,RY-DIRTY-PROG-035
RY_Programme__c,RY-PROG-036,RY-DIRTY-PROG-036
RY_Programme__c,RY-PROG-037,RY-DIRTY-PROG-037
RY_Programme__c,RY-PROG-038,RY-DIRTY-PROG-038
RY_Programme__c,RY-PROG-039,RY-DIRTY-PROG-039
RY_Programme__c,RY-PROG-040,RY-DIRTY-PROG-040
RY_Programme__c,RY-PROG-041,RY-DIRTY-PROG-041
RY_Programme__c,RY-PROG-042,RY-DIRTY-PROG-042
RY_Programme__c,RY-PROG-043,RY-DIRTY-PROG-043
RY_Programme__c,RY-PROG-044,RY-DIRTY-PROG-044
RY_Programme__c,RY-PROG-045,RY-DIRTY-PROG-045
RY_Programme__c,RY-PROG-046,RY-DIRTY-PROG-046
RY_Programme__c,RY-PROG-047,RY-DIRTY-PROG-047
RY_Programme__c,RY-PROG-048,RY-DIRTY-PROG-048
RY_Programme__c,RY-PROG-049,RY-DIRTY-PROG-049
RY_Programme__c,RY-PROG-050,RY-DIRTY-PROG-050
RY_Programme__c,RY-PROG-051,RY-DIRTY-PROG-051
RY_Programme__c,RY-PROG-052,RY-DIRTY-PROG-052
RY_Programme__c,RY-PROG-053,RY-DIRTY-PROG-053
RY_Programme__c,RY-PROG-054,RY-DIRTY-PROG-054
RY_Programme__c,RY-PROG-055,RY-DIRTY-PROG-055
RY_Programme__c,RY-PROG-056,RY-DIRTY-PROG-056
RY_Programme__c,RY-PROG-057,RY-DIRTY-PROG-057
RY_Programme__c,RY-PROG-058,RY-DIRTY-PROG-058
RY_Programme__c,RY-PROG-059,RY-DIRTY-PROG-059
RY_Programme__c,RY-PROG-060,RY-DIRTY-PROG-060
RY_Programme__c,RY-PROG-061,RY-DIRTY-PROG-061
RY_Programme__c,RY-PROG-062,RY-DIRTY-PROG-062
RY_Programme__c,RY-PROG-063,RY-DIRTY-PROG-063
RY_Programme__c,RY-PROG-064,RY-DIRTY-PROG-064
RY_Programme__c,RY-PROG-065,RY-DIRTY-PROG-065
RY_Programme__c,RY-PROG-066,RY-DIRTY-PROG-066
RY_Programme__c,RY-PROG-067,RY-DIRTY-PROG-067
RY_Programme__c,RY-PROG-068,RY-DIRTY-PROG-068
RY_Programme__c,RY-PROG-069,RY-DIRTY-PROG-069
RY_Programme__c,RY-PROG-070,RY-DIRTY-PROG-070
RY_Programme__c,RY-PROG-071,RY-DIRTY-PROG-071
RY_Programme__c,RY-PROG-072,RY-DIRTY-PROG-072
RY_Programme__c,RY-PROG-073,RY-DIRTY-PROG-073
RY_Programme__c,RY-PROG-074,RY-DIRTY-PROG-074
RY_Programme__c,RY-PROG-075,RY-DIRTY-PROG-075
RY_Programme__c,RY-PROG-076,RY-DIRTY-PROG-076
RY_Programme__c,RY-PROG-077,RY-DIRTY-PROG-077
RY_Programme__c,RY-PROG-078,RY-DIRTY-PROG-078
RY_Programme__c,RY-PROG-079,RY-DIRTY-PROG-079
RY_Programme__c,RY-PROG-080,RY-DIRTY-PROG-080
RY_Programme__c,RY-PROG-081,RY-DIRTY-PROG-081
RY_Programme__c,RY-PROG-082,RY-DIRTY-PROG-082
RY_Programme__c,RY-PROG-083,RY-DIRTY-PROG-083
RY_Programme_Offering__c,RY-OFFER-001,RY-DIRTY-OFFER-001
RY_Programme_Offering__c,RY-OFFER-002,RY-DIRTY-OFFER-002
RY_Programme_Offering__c,RY-OFFER-003,RY-DIRTY-OFFER-003
RY_Programme_Offering__c,RY-OFFER-004,RY-DIRTY-OFFER-004
RY_Programme_Offering__c,RY-OFFER-005,RY-DIRTY-OFFER-005
RY_Programme_Offering__c,RY-OFFER-006,RY-DIRTY-OFFER-006
RY_Programme_Offering__c,RY-OFFER-007,RY-DIRTY-OFFER-007
RY_Programme_Offering__c,RY-OFFER-008,RY-DIRTY-OFFER-008
RY_Programme_Offering__c,RY-OFFER-009,RY-DIRTY-OFFER-009
RY_Programme_Offering__c,RY-OFFER-010,RY-DIRTY-OFFER-010
RY_Programme_Offering__c,RY-OFFER-011,RY-DIRTY-OFFER-011
RY_Programme_Offering__c,RY-OFFER-012,RY-DIRTY-OFFER-012
RY_Programme_Offering__c,RY-OFFER-013,RY-DIRTY-OFFER-013
RY_Programme_Offering__c,RY-OFFER-014,RY-DIRTY-OFFER-014
RY_Programme_Offering__c,RY-OFFER-015,RY-DIRTY-OFFER-015
RY_Programme_Offering__c,RY-OFFER-016,RY-DIRTY-OFFER-016
RY_Programme_Offering__c,RY-OFFER-017,RY-DIRTY-OFFER-017
RY_Programme_Offering__c,RY-OFFER-018,RY-DIRTY-OFFER-018
RY_Programme_Offering__c,RY-OFFER-019,RY-DIRTY-OFFER-019
RY_Programme_Offering__c,RY-OFFER-020,RY-DIRTY-OFFER-020
RY_Programme_Offering__c,RY-OFFER-021,RY-DIRTY-OFFER-021
RY_Programme_Offering__c,RY-OFFER-022,RY-DIRTY-OFFER-022
RY_Programme_Offering__c,RY-OFFER-023,RY-DIRTY-OFFER-023
RY_Programme_Offering__c,RY-OFFER-024,RY-DIRTY-OFFER-024
RY_Programme_Offering__c,RY-OFFER-025,RY-DIRTY-OFFER-025
RY_Programme_Offering__c,RY-OFFER-026,RY-DIRTY-OFFER-026
RY_Programme_Offering__c,RY-OFFER-027,RY-DIRTY-OFFER-027
RY_Programme_Offering__c,RY-OFFER-028,RY-DIRTY-OFFER-028
RY_Programme_Offering__c,RY-OFFER-029,RY-DIRTY-OFFER-029
RY_Programme_Offering__c,RY-OFFER-030,RY-DIRTY-OFFER-030
RY_Programme_Offering__c,RY-OFFER-031,RY-DIRTY-OFFER-031
RY_Programme_Offering__c,RY-OFFER-032,RY-DIRTY-OFFER-032
RY_Programme_Offering__c,RY-OFFER-033,RY-DIRTY-OFFER-033
RY_Programme_Offering__c,RY-OFFER-034,RY-DIRTY-OFFER-034
RY_Programme_Offering__c,RY-OFFER-035,RY-DIRTY-OFFER-035
RY_Programme_Offering__c,RY-OFFER-036,RY-DIRTY-OFFER-036
RY_Programme_Offering__c,RY-OFFER-037,RY-DIRTY-OFFER-037
RY_Programme_Offering__c,RY-OFFER-038,RY-DIRTY-OFFER-038
RY_Programme_Offering__c,RY-OFFER-039,RY-DIRTY-OFFER-039
RY_Programme_Offering__c,RY-OFFER-040,RY-DIRTY-OFFER-040
RY_Programme_Offering__c,RY-OFFER-041,RY-DIRTY-OFFER-041
RY_Programme_Offering__c,RY-OFFER-042,RY-DIRTY-OFFER-042
RY_Programme_Offering__c,RY-OFFER-043,RY-DIRTY-OFFER-043
RY_Programme_Offering__c,RY-OFFER-044,RY-DIRTY-OFFER-044
RY_Programme_Offering__c,RY-OFFER-045,RY-DIRTY-OFFER-045
RY_Programme_Offering__c,RY-OFFER-046,RY-DIRTY-OFFER-046
RY_Programme_Offering__c,RY-OFFER-047,RY-DIRTY-OFFER-047
RY_Programme_Offering__c,RY-OFFER-048,RY-DIRTY-OFFER-048
RY_Programme_Offering__c,RY-OFFER-049,RY-DIRTY-OFFER-049
RY_Programme_Offering__c,RY-OFFER-050,RY-DIRTY-OFFER-050
RY_Programme_Offering__c,RY-OFFER-051,RY-DIRTY-OFFER-051
RY_Programme_Offering__c,RY-OFFER-052,RY-DIRTY-OFFER-052
RY_Programme_Offering__c,RY-OFFER-053,RY-DIRTY-OFFER-053
RY_Programme_Offering__c,RY-OFFER-054,RY-DIRTY-OFFER-054
RY_Programme_Offering__c,RY-OFFER-055,RY-DIRTY-OFFER-055
RY_Programme_Offering__c,RY-OFFER-056,RY-DIRTY-OFFER-056
RY_Programme_Offering__c,RY-OFFER-057,RY-DIRTY-OFFER-057
RY_Programme_Offering__c,RY-OFFER-058,RY-DIRTY-OFFER-058
RY_Programme_Offering__c,RY-OFFER-059,RY-DIRTY-OFFER-059
RY_Programme_Offering__c,RY-OFFER-060,RY-DIRTY-OFFER-060
RY_Programme_Offering__c,RY-OFFER-061,RY-DIRTY-OFFER-061
RY_Programme_Offering__c,RY-OFFER-062,RY-DIRTY-OFFER-062
RY_Programme_Offering__c,RY-OFFER-063,RY-DIRTY-OFFER-063
RY_Programme_Offering__c,RY-OFFER-064,RY-DIRTY-OFFER-064
RY_Programme_Offering__c,RY-OFFER-065,RY-DIRTY-OFFER-065
RY_Programme_Offering__c,RY-OFFER-066,RY-DIRTY-OFFER-066
RY_Programme_Offering__c,RY-OFFER-067,RY-DIRTY-OFFER-067
RY_Programme_Offering__c,RY-OFFER-068,RY-DIRTY-OFFER-068
RY_Programme_Offering__c,RY-OFFER-069,RY-DIRTY-OFFER-069
RY_Programme_Offering__c,RY-OFFER-070,RY-DIRTY-OFFER-070
RY_Programme_Offering__c,RY-OFFER-071,RY-DIRTY-OFFER-071
RY_Programme_Offering__c,RY-OFFER-072,RY-DIRTY-OFFER-072
RY_Programme_Offering__c,RY-OFFER-073,RY-DIRTY-OFFER-073
RY_Programme_Offering__c,RY-OFFER-074,RY-DIRTY-OFFER-074
RY_Programme_Offering__c,RY-OFFER-075,RY-DIRTY-OFFER-075
RY_Programme_Offering__c,RY-OFFER-076,RY-DIRTY-OFFER-076
RY_Programme_Offering__c,RY-OFFER-077,RY-DIRTY-OFFER-077
RY_Programme_Offering__c,RY-OFFER-078,RY-DIRTY-OFFER-078
RY_Programme_Offering__c,RY-OFFER-079,RY-DIRTY-OFFER-079
RY_Programme_Offering__c,RY-OFFER-080,RY-DIRTY-OFFER-080
RY_Programme_Offering__c,RY-OFFER-081,RY-DIRTY-OFFER-081
RY_Programme_Offering__c,RY-OFFER-082,RY-DIRTY-OFFER-082
RY_Programme_Offering__c,RY-OFFER-083,RY-DIRTY-OFFER-083
RY_Programme_Offering__c,RY-OFFER-084,RY-DIRTY-OFFER-084
RY_Programme_Offering__c,RY-OFFER-085,RY-DIRTY-OFFER-085
RY_Programme_Offering__c,RY-OFFER-086,RY-DIRTY-OFFER-086
RY_Programme_Offering__c,RY-OFFER-087,RY-DIRTY-OFFER-087
RY_Programme_Offering__c,RY-OFFER-088,RY-DIRTY-OFFER-088
RY_Programme_Offering__c,RY-OFFER-089,RY-DIRTY-OFFER-089
RY_Intake__c,RY-INTAKE-003,RY-DIRTY-INTAKE-003
RY_Intake__c,RY-INTAKE-009,RY-DIRTY-INTAKE-009
RY_Intake__c,RY-INTAKE-012,RY-DIRTY-INTAKE-012
RY_Intake__c,RY-INTAKE-013,RY-DIRTY-INTAKE-013
RY_Intake__c,RY-INTAKE-014,RY-DIRTY-INTAKE-014
RY_Intake__c,RY-INTAKE-016,RY-DIRTY-INTAKE-016
RY_Intake__c,RY-INTAKE-017,RY-DIRTY-INTAKE-017
RY_Intake__c,RY-INTAKE-018,RY-DIRTY-INTAKE-018
RY_Intake__c,RY-INTAKE-019,RY-DIRTY-INTAKE-019
RY_Intake__c,RY-INTAKE-020,RY-DIRTY-INTAKE-020
RY_Intake__c,RY-INTAKE-021,RY-DIRTY-INTAKE-021
RY_Intake__c,RY-INTAKE-022,RY-DIRTY-INTAKE-022
RY_Intake__c,RY-INTAKE-023,RY-DIRTY-INTAKE-023
RY_Intake__c,RY-INTAKE-024,RY-DIRTY-INTAKE-024
RY_Intake__c,RY-INTAKE-025,RY-DIRTY-INTAKE-025
RY_Intake__c,RY-INTAKE-026,RY-DIRTY-INTAKE-026
RY_Intake__c,RY-INTAKE-027,RY-DIRTY-INTAKE-027
RY_Intake__c,RY-INTAKE-028,RY-DIRTY-INTAKE-028
RY_Intake__c,RY-INTAKE-029,RY-DIRTY-INTAKE-029
RY_Intake__c,RY-INTAKE-030,RY-DIRTY-INTAKE-030
RY_Intake__c,RY-INTAKE-031,RY-DIRTY-INTAKE-031
RY_Intake__c,RY-INTAKE-032,RY-DIRTY-INTAKE-032
RY_Intake__c,RY-INTAKE-033,RY-DIRTY-INTAKE-033
RY_Intake__c,RY-INTAKE-034,RY-DIRTY-INTAKE-034
RY_Intake__c,RY-INTAKE-035,RY-DIRTY-INTAKE-035
RY_Intake__c,RY-INTAKE-036,RY-DIRTY-INTAKE-036
RY_Intake__c,RY-INTAKE-037,RY-DIRTY-INTAKE-037
RY_Intake__c,RY-INTAKE-038,RY-DIRTY-INTAKE-038
RY_Intake__c,RY-INTAKE-039,RY-DIRTY-INTAKE-039
RY_Intake__c,RY-INTAKE-040,RY-DIRTY-INTAKE-040
RY_Intake__c,RY-INTAKE-041,RY-DIRTY-INTAKE-041
RY_Intake__c,RY-INTAKE-042,RY-DIRTY-INTAKE-042
RY_Intake__c,RY-INTAKE-043,RY-DIRTY-INTAKE-043
RY_Intake__c,RY-INTAKE-044,RY-DIRTY-INTAKE-044
RY_Intake__c,RY-INTAKE-045,RY-DIRTY-INTAKE-045
RY_Intake__c,RY-INTAKE-046,RY-DIRTY-INTAKE-046
RY_Intake__c,RY-INTAKE-047,RY-DIRTY-INTAKE-047
RY_Intake__c,RY-INTAKE-048,RY-DIRTY-INTAKE-048
RY_Intake__c,RY-INTAKE-049,RY-DIRTY-INTAKE-049
RY_Intake__c,RY-INTAKE-050,RY-DIRTY-INTAKE-050
RY_Intake__c,RY-INTAKE-051,RY-DIRTY-INTAKE-051
RY_Intake__c,RY-INTAKE-052,RY-DIRTY-INTAKE-052
RY_Intake__c,RY-INTAKE-053,RY-DIRTY-INTAKE-053
RY_Intake__c,RY-INTAKE-054,RY-DIRTY-INTAKE-054
RY_Intake__c,RY-INTAKE-055,RY-DIRTY-INTAKE-055
RY_Intake__c,RY-INTAKE-056,RY-DIRTY-INTAKE-056
RY_Intake__c,RY-INTAKE-057,RY-DIRTY-INTAKE-057
Account,RY-DEMO-ACC-001,RY-DIRTY-DEMO-ACC-001
Contact,RY-DEMO-CON-001,RY-DIRTY-DEMO-CON-001
Contact,RY-DEMO-CON-002,RY-DIRTY-DEMO-CON-002
Contact,RY-DEMO-CON-003,RY-DIRTY-DEMO-CON-003
Lead,RY-DEMO-LEAD-001,RY-DIRTY-DEMO-LEAD-001
Campaign,RY-DEMO-CAM-001,RY-DIRTY-DEMO-CAM-001
CampaignMember,RY-DEMO-CM-001,RY-DIRTY-DEMO-CM-001
CampaignMember,RY-DEMO-CM-002,RY-DIRTY-DEMO-CM-002
Opportunity,RY-DEMO-OPP-001,RY-DIRTY-DEMO-OPP-001
Opportunity,RY-DEMO-OPP-002,RY-DIRTY-DEMO-OPP-002
Opportunity,RY-DEMO-OPP-003,RY-DIRTY-DEMO-OPP-003
RY_Programme_Enquiry__c,RY-DEMO-ENQ-001,RY-DIRTY-DEMO-ENQ-001
RY_Programme_Enquiry__c,RY-DEMO-ENQ-002,RY-DIRTY-DEMO-ENQ-002
RY_Application__c,RY-DEMO-APP-001,RY-DIRTY-DEMO-APP-001
RY_Application__c,RY-DEMO-APP-002,RY-DIRTY-DEMO-APP-002
RY_Application__c,RY-DEMO-APP-003,RY-DIRTY-DEMO-APP-003
RY_Student__c,RY-DEMO-STU-001,RY-DIRTY-DEMO-STU-001
RY_Student__c,RY-DEMO-STU-003,RY-DIRTY-DEMO-STU-003
RY_Enrolment__c,RY-DEMO-ENR-001,RY-DIRTY-DEMO-ENR-001
RY_Enrolment__c,RY-DEMO-ENR-003,RY-DIRTY-DEMO-ENR-003
RY_Student_Progress__c,RY-DEMO-PROG-001,RY-DIRTY-DEMO-PROG-001
RY_Student_Progress__c,RY-DEMO-PROG-002,RY-DIRTY-DEMO-PROG-002
