Id,Salesforce_Link,FirstName,LastName,Company,Email,Status,RY_External_ID__c,RY_Sample_Status__c,CreatedDate
00QjX0000005wl4UAA,https://business-data-62022.lightning.force.com/lightning/r/Lead/00QjX0000005wl4UAA/view,Shireen,Mahlangu,[Individual Applicant],shireen.mahlangu@outlook.com,New,RY-LEAD-00002021,Working - Contacted,2026-09-09T12:49:15.000+0000
00QjX0000005tDeUAI,https://business-data-62022.lightning.force.com/lightning/r/Lead/00QjX0000005tDeUAI/view,Fatima,Ndlovu,[Individual Applicant],fatima.ndlovu2@gmail.com,New,RY-LEAD-00008162,Working - Contacted,2026-09-09T12:41:57.000+0000
00QjX0000005xxGUAQ,https://business-data-62022.lightning.force.com/lightning/r/Lead/00QjX0000005xxGUAQ/view,Ayanda,Van Wyk,[Individual Applicant],ayanda.vanwyk2@gmail.com,New,RY-LEAD-00010344,Converted,2026-09-09T12:49:08.000+0000
00QjX0000005vs9UAA,https://business-data-62022.lightning.force.com/lightning/r/Lead/00QjX0000005vs9UAA/view,Katlego,Abrahams,[Individual Applicant],katlego.abrahams8791@outlook.com,New,RY-LEAD-00018911,Open - Not Contacted,2026-09-09T12:40:40.000+0000
00QjX0000005vNXUAY,https://business-data-62022.lightning.force.com/lightning/r/Lead/00QjX0000005vNXUAY/view,Sipho,Dlamini,[Individual Applicant],sipho.dlamini11@outlook.co.za,New,RY-LEAD-00020081,Converted,2026-09-09T12:51:34.000+0000
00QjX0000005uUeUAI,https://business-data-62022.lightning.force.com/lightning/r/Lead/00QjX0000005uUeUAI/view,Lwazi,Williams,[Individual Applicant],lwaziwilliams@outlook.com,New,RY-LEAD-00021039,Open - Not Contacted,2026-09-09T12:45:22.000+0000
00QjX0000005u85UAA,https://business-data-62022.lightning.force.com/lightning/r/Lead/00QjX0000005u85UAA/view,Lerato,Govender,[Individual Applicant],lerato.govender2@outlook.com,New,RY-LEAD-00025893,Nurture,2026-09-09T12:49:35.000+0000
00QjX0000005yTOUAY,https://business-data-62022.lightning.force.com/lightning/r/Lead/00QjX0000005yTOUAY/view,Tshepo,Naidoo,[Individual Applicant],tsheponaidoo2@hotmail.com,New,RY-LEAD-00027439,Open - Not Contacted,2026-09-09T12:42:26.000+0000
00QjX0000005uEXUAY,https://business-data-62022.lightning.force.com/lightning/r/Lead/00QjX0000005uEXUAY/view,Zodwa,Nkosi,[Individual Applicant],zodwa.nkosi9@gmail.com,New,RY-LEAD-00032706,Open - Not Contacted,2026-09-09T12:47:19.000+0000
00QjX0000005yI6UAI,https://business-data-62022.lightning.force.com/lightning/r/Lead/00QjX0000005yI6UAI/view,Katlego,Nkosi,[Individual Applicant],katlego.nkosi311@gmail.com,New,RY-LEAD-00035108,Working - Contacted,2026-09-09T12:44:13.000+0000
00QjX0000005vwzUAA,https://business-data-62022.lightning.force.com/lightning/r/Lead/00QjX0000005vwzUAA/view,Zodwa,Venter,[Individual Applicant],zodwaventer427@gmail.com,New,RY-LEAD-00035514,Unqualified,2026-09-09T12:41:09.000+0000
00QjX0000005ueMUAQ,https://business-data-62022.lightning.force.com/lightning/r/Lead/00QjX0000005ueMUAQ/view,Busisiwe,Mokoena,[Individual Applicant],busisiwe.mokoena13@gmail.com,New,RY-LEAD-00036673,Qualified,2026-09-09T12:52:15.000+0000
00QjX0000005uUdUAI,https://business-data-62022.lightning.force.com/lightning/r/Lead/00QjX0000005uUdUAI/view,Sarah,Steyn,[Individual Applicant],sarah.steyn615@gmail.com,New,RY-LEAD-00038586,Qualified,2026-09-09T12:42:53.000+0000
00QjX0000005wxtUAA,https://business-data-62022.lightning.force.com/lightning/r/Lead/00QjX0000005wxtUAA/view,Sibusiso,Mabaso,[Individual Applicant],sibusiso.mabaso6@gmail.com,New,RY-LEAD-00043716,Working - Contacted,2026-09-09T12:39:54.000+0000
00QjX0000005yBfUAI,https://business-data-62022.lightning.force.com/lightning/r/Lead/00QjX0000005yBfUAI/view,Lerato,Mokoena,[Individual Applicant],lerato.mokoena19@webmail.co.za,New,RY-LEAD-00045270,Qualified,2026-09-09T12:47:35.000+0000
00QjX0000005vk7UAA,https://business-data-62022.lightning.force.com/lightning/r/Lead/00QjX0000005vk7UAA/view,Sipho,Mabaso,[Individual Applicant],sipho.mabaso477@gmail.com,New,RY-LEAD-00059708,Unqualified,2026-09-09T12:48:37.000+0000
00QjX0000005y3cUAA,https://business-data-62022.lightning.force.com/lightning/r/Lead/00QjX0000005y3cUAA/view,Mandla,Adams,[Individual Applicant],mandla.adams15@gmail.com,New,RY-LEAD-00061098,Working - Contacted,2026-09-09T12:43:57.000+0000
00QjX0000005t2NUAQ,https://business-data-62022.lightning.force.com/lightning/r/Lead/00QjX0000005t2NUAQ/view,Refilwe,Pretorius,[Individual Applicant],refilwe.pretorius11@gmail.com,New,RY-LEAD-00063137,Open - Not Contacted,2026-09-09T12:47:38.000+0000
00QjX0000005v5oUAA,https://business-data-62022.lightning.force.com/lightning/r/Lead/00QjX0000005v5oUAA/view,Pieter,Damons,[Individual Applicant],pieter.damons270@gmail.com,New,RY-LEAD-00065164,Working - Contacted,2026-09-09T12:44:45.000+0000
00QjX0000005wMqUAI,https://business-data-62022.lightning.force.com/lightning/r/Lead/00QjX0000005wMqUAI/view,Bongani,Naidoo,[Individual Applicant],,New,RY-LEAD-00067133,Open - Not Contacted,2026-09-09T12:51:42.000+0000
00QjX0000005yYDUAY,https://business-data-62022.lightning.force.com/lightning/r/Lead/00QjX0000005yYDUAY/view,Tarryn,Williams,[Individual Applicant],tarryn.williams526@outlook.com,New,RY-LEAD-00071701,Open - Not Contacted,2026-09-09T12:44:05.000+0000
00QjX0000005uEYUAY,https://business-data-62022.lightning.force.com/lightning/r/Lead/00QjX0000005uEYUAY/view,Andile,Hendricks,[Individual Applicant],andilehendricks351@gmail.com,New,RY-LEAD-00077076,Nurture,2026-09-09T12:49:06.000+0000
00QjX0000005tFHUAY,https://business-data-62022.lightning.force.com/lightning/r/Lead/00QjX0000005tFHUAY/view,Mpho,Pretorius,[Individual Applicant],mpho.pretorius110@gmail.com,New,RY-LEAD-00079702,Qualified,2026-09-09T12:48:51.000+0000
00QjX0000005u03UAA,https://business-data-62022.lightning.force.com/lightning/r/Lead/00QjX0000005u03UAA/view,Thabo,Maseko,[Individual Applicant],thabo.maseko22@hotmail.com,New,RY-LEAD-00079852,Working - Contacted,2026-09-09T12:41:11.000+0000
00QjX0000005wHxUAI,https://business-data-62022.lightning.force.com/lightning/r/Lead/00QjX0000005wHxUAI/view,Tariq,Van der Merwe,[Individual Applicant],tariq.vandermerwe11@gmail.com,New,RY-LEAD-00088556,Converted,2026-09-09T12:47:46.000+0000
00QjX0000005yBdUAI,https://business-data-62022.lightning.force.com/lightning/r/Lead/00QjX0000005yBdUAI/view,Zaid,Nkosi,[Individual Applicant],zaid_nkosi1@gmail.com,New,RY-LEAD-00088686,Unqualified,2026-09-09T12:39:36.000+0000
00QjX0000005yhuUAA,https://business-data-62022.lightning.force.com/lightning/r/Lead/00QjX0000005yhuUAA/view,Zanele,Adams,[Individual Applicant],zanele.adams596@gmail.com,New,RY-LEAD-00093982,Converted,2026-09-09T12:47:45.000+0000
00QjX0000005wjKUAQ,https://business-data-62022.lightning.force.com/lightning/r/Lead/00QjX0000005wjKUAQ/view,Johan,Pillay,[Individual Applicant],johan_pillay1@mweb.co.za,New,RY-LEAD-00097009,Unqualified,2026-09-09T12:43:12.000+0000
00QjX0000005umTUAQ,https://business-data-62022.lightning.force.com/lightning/r/Lead/00QjX0000005umTUAQ/view,Sibusiso,Coetzee,[Individual Applicant],sibusiso.coetzee19@webmail.co.za,New,RY-LEAD-00097385,Open - Not Contacted,2026-09-09T12:51:08.000+0000
00QjX0000005vlhUAA,https://business-data-62022.lightning.force.com/lightning/r/Lead/00QjX0000005vlhUAA/view,Kirsten,Van Wyk,[Individual Applicant],kirsten.vanwyk898@icloud.com,New,RY-LEAD-00104557,Nurture,2026-09-09T12:39:41.000+0000
00QjX0000005y3aUAA,https://business-data-62022.lightning.force.com/lightning/r/Lead/00QjX0000005y3aUAA/view,Nomsa,Mahlangu,[Individual Applicant],nomsa.mahlangu15@gmail.com,New,RY-LEAD-00107787,Nurture,2026-09-09T12:42:16.000+0000
00QjX0000005wbIUAQ,https://business-data-62022.lightning.force.com/lightning/r/Lead/00QjX0000005wbIUAQ/view,Yusuf,Steyn,[Individual Applicant],yusuf.steyn13@webmail.co.za,New,RY-LEAD-00108280,Working - Contacted,2026-09-09T12:40:44.000+0000
00QjX0000005wUqUAI,https://business-data-62022.lightning.force.com/lightning/r/Lead/00QjX0000005wUqUAI/view,Lindiwe,Van der Merwe,[Individual Applicant],lindiwe_vandermerwe4@gmail.com,New,RY-LEAD-00109015,Open - Not Contacted,2026-09-09T12:40:17.000+0000
00QjX0000005xFgUAI,https://business-data-62022.lightning.force.com/lightning/r/Lead/00QjX0000005xFgUAI/view,Emma,Ndlovu,[Individual Applicant],emma.ndlovu689@gmail.com,New,RY-LEAD-00114061,Unqualified,2026-09-09T12:51:44.000+0000
00QjX0000005yOXUAY,https://business-data-62022.lightning.force.com/lightning/r/Lead/00QjX0000005yOXUAY/view,Lerato,Mokoena,[Individual Applicant],leratomokoena33@outlook.com,New,RY-LEAD-00125216,Working - Contacted,2026-09-09T12:41:31.000+0000
00QjX0000005sfmUAA,https://business-data-62022.lightning.force.com/lightning/r/Lead/00QjX0000005sfmUAA/view,Nokuthula,Mabaso,[Individual Applicant],nokuthulamabaso973@outlook.com,New,RY-LEAD-00125369,Open - Not Contacted,2026-09-09T12:52:08.000+0000
00QjX0000005tohUAA,https://business-data-62022.lightning.force.com/lightning/r/Lead/00QjX0000005tohUAA/view,Katlego,Maseko,[Individual Applicant],katlegomaseko12@webmail.co.za,New,RY-LEAD-00126241,Open - Not Contacted,2026-09-09T12:45:55.000+0000
00QjX0000005y21UAA,https://business-data-62022.lightning.force.com/lightning/r/Lead/00QjX0000005y21UAA/view,Sipho,Zulu,[Individual Applicant],siphozulu25@gmail.com,New,RY-LEAD-00134223,Working - Contacted,2026-09-09T12:50:56.000+0000
00QjX0000005sG2UAI,https://business-data-62022.lightning.force.com/lightning/r/Lead/00QjX0000005sG2UAI/view,Kagiso,Van der Merwe,[Individual Applicant],kagiso.vandermerwe36@gmail.com,New,RY-LEAD-00137501,Converted,2026-09-09T12:52:06.000+0000
00QjX0000005vCFUAY,https://business-data-62022.lightning.force.com/lightning/r/Lead/00QjX0000005vCFUAY/view,Shireen,Jacobs,[Individual Applicant],shireen.jacobs798@hotmail.com,New,RY-LEAD-00142973,Working - Contacted,2026-09-09T12:51:46.000+0000
00QjX0000005yehUAA,https://business-data-62022.lightning.force.com/lightning/r/Lead/00QjX0000005yehUAA/view,Megan,Petersen,[Individual Applicant],meganpetersen5@gmail.com,New,RY-LEAD-00143969,Working - Contacted,2026-09-09T12:47:17.000+0000
00QjX0000005y0MUAQ,https://business-data-62022.lightning.force.com/lightning/r/Lead/00QjX0000005y0MUAQ/view,Yusuf,Molefe,[Individual Applicant],yusuf.molefe14@yahoo.com,New,RY-LEAD-00145796,Converted,2026-09-09T12:51:37.000+0000
00QjX0000005vYnUAI,https://business-data-62022.lightning.force.com/lightning/r/Lead/00QjX0000005vYnUAI/view,thabo,Nel,[Individual Applicant],thabo_nel186@gmail.com,New,RY-LEAD-00147880,Open - Not Contacted,2026-09-09T12:43:45.000+0000
00QjX0000005yQCUAY,https://business-data-62022.lightning.force.com/lightning/r/Lead/00QjX0000005yQCUAY/view,Marlize,Jansen,[Individual Applicant],marlize.jansen13@mweb.co.za,New,RY-LEAD-00149523,Working - Contacted,2026-09-09T12:44:35.000+0000
00QjX0000005w8HUAQ,https://business-data-62022.lightning.force.com/lightning/r/Lead/00QjX0000005w8HUAQ/view,Themba,Daniels,[Individual Applicant],themba.daniels83@gmail.com,New,RY-LEAD-00149769,Nurture,2026-09-09T12:49:42.000+0000
00QjX0000005t5dUAA,https://business-data-62022.lightning.force.com/lightning/r/Lead/00QjX0000005t5dUAA/view,Ayanda,Daniels,[Individual Applicant],ayandadaniels18@hotmail.com,New,RY-LEAD-00156377,Converted,2026-09-09T12:47:01.000+0000
00QjX0000005yI5UAI,https://business-data-62022.lightning.force.com/lightning/r/Lead/00QjX0000005yI5UAI/view,Zodwa,Van der Merwe,[Individual Applicant],zodwavandermerwe16@gmail.com,New,RY-LEAD-00165405,Unqualified,2026-09-09T12:40:56.000+0000
00QjX0000005yRrUAI,https://business-data-62022.lightning.force.com/lightning/r/Lead/00QjX0000005yRrUAI/view,Bongani,Dlamini,[Individual Applicant],,New,RY-LEAD-00171930,Working - Contacted,2026-09-09T12:49:38.000+0000
00QjX0000005uT5UAI,https://business-data-62022.lightning.force.com/lightning/r/Lead/00QjX0000005uT5UAI/view,Nokuthula,Nortje,[Individual Applicant],nokuthula.nortje31@gmail.com,New,RY-LEAD-00173249,Qualified,2026-09-09T12:45:01.000+0000
00QjX0000005xaYUAQ,https://business-data-62022.lightning.force.com/lightning/r/Lead/00QjX0000005xaYUAQ/view,PIETER,Smith,[Individual Applicant],pietersmith665@gmail.com,New,RY-LEAD-00181619,Working - Contacted,2026-09-09T12:40:51.000+0000
00QjX0000005wufUAA,https://business-data-62022.lightning.force.com/lightning/r/Lead/00QjX0000005wufUAA/view,Nkosinathi,Naidoo,[Individual Applicant],,New,RY-LEAD-00186015,Converted,2026-09-09T12:44:58.000+0000
00QjX0000005ygIUAQ,https://business-data-62022.lightning.force.com/lightning/r/Lead/00QjX0000005ygIUAQ/view,Thabo,Ndlovu,[Individual Applicant],thabo.ndlovu101@outlook.com,New,RY-LEAD-00186425,Working - Contacted,2026-09-09T12:47:20.000+0000
00QjX0000005uWFUAY,https://business-data-62022.lightning.force.com/lightning/r/Lead/00QjX0000005uWFUAY/view,ZODWA,Reddy,[Individual Applicant],zodwareddy12@mweb.co.za,New,RY-LEAD-00188376,Converted,2026-09-09T12:52:24.000+0000
00QjX0000005sntUAA,https://business-data-62022.lightning.force.com/lightning/r/Lead/00QjX0000005sntUAA/view,Ayanda,Botha,[Individual Applicant],,New,RY-LEAD-00191884,Working - Contacted,2026-09-09T12:40:48.000+0000
00QjX0000005whmUAA,https://business-data-62022.lightning.force.com/lightning/r/Lead/00QjX0000005whmUAA/view,ZANELE,Hendricks,[Individual Applicant],zanele.hendricks42@gmail.com,New,RY-LEAD-00195162,Converted,2026-09-09T12:51:00.000+0000
00QjX0000005sG0UAI,https://business-data-62022.lightning.force.com/lightning/r/Lead/00QjX0000005sG0UAI/view,Fatima,Ndlovu,[Individual Applicant],fatima.ndlovu779@gmail.com,New,RY-LEAD-00195915,Converted,2026-09-09T12:48:56.000+0000
00QjX0000005vk5UAA,https://business-data-62022.lightning.force.com/lightning/r/Lead/00QjX0000005vk5UAA/view,mpho,Nortje,[Individual Applicant],mpho.nortje18@webmail.co.za,New,RY-LEAD-00200020,Open - Not Contacted,2026-09-09T12:40:25.000+0000
00QjX0000005ymjUAA,https://business-data-62022.lightning.force.com/lightning/r/Lead/00QjX0000005ymjUAA/view,Busisiwe,Williams,[Individual Applicant],busisiwewilliams18@hotmail.com,New,RY-LEAD-00208829,Unqualified,2026-09-09T12:50:13.000+0000
00QjX0000005yQEUAY,https://business-data-62022.lightning.force.com/lightning/r/Lead/00QjX0000005yQEUAY/view,Jessica,Jacobs,[Individual Applicant],jessica.jacobs32@gmail.com,New,RY-LEAD-00209800,Working - Contacted,2026-09-09T12:45:45.000+0000
00QjX0000005yjWUAQ,https://business-data-62022.lightning.force.com/lightning/r/Lead/00QjX0000005yjWUAQ/view,James,Nel,[Individual Applicant],james.nel25@icloud.com,New,RY-LEAD-00211215,Working - Contacted,2026-09-09T12:49:17.000+0000
00QjX0000005yEtUAI,https://business-data-62022.lightning.force.com/lightning/r/Lead/00QjX0000005yEtUAI/view,Zanele,Jansen,[Individual Applicant],zanelejansen24@outlook.com,New,RY-LEAD-00217868,Converted,2026-09-09T12:45:47.000+0000
00QjX0000005ypxUAA,https://business-data-62022.lightning.force.com/lightning/r/Lead/00QjX0000005ypxUAA/view,Andile,Hendricks,[Individual Applicant],andile.hendricks620@icloud.com,New,RY-LEAD-00217900,Open - Not Contacted,2026-09-09T12:51:03.000+0000
00QjX0000005wl1UAA,https://business-data-62022.lightning.force.com/lightning/r/Lead/00QjX0000005wl1UAA/view,Roche,Petersen,[Individual Applicant],rochepetersen4@outlook.com,New,RY-LEAD-00218173,Working - Contacted,2026-09-09T12:41:25.000+0000
00QjX0000005togUAA,https://business-data-62022.lightning.force.com/lightning/r/Lead/00QjX0000005togUAA/view,Sipho,Botha,[Individual Applicant],siphobotha41@gmail.co.za,New,RY-LEAD-00220541,Open - Not Contacted,2026-09-09T12:42:29.000+0000
00QjX0000005vNVUAY,https://business-data-62022.lightning.force.com/lightning/r/Lead/00QjX0000005vNVUAY/view,Lerato,Radebe,[Individual Applicant],lerato.radebe396@gmail.com,New,RY-LEAD-00222560,Working - Contacted,2026-09-09T12:50:01.000+0000
00QjX0000005wl5UAA,https://business-data-62022.lightning.force.com/lightning/r/Lead/00QjX0000005wl5UAA/view,Thandiwe,Moodley,[Individual Applicant],thandiwe.moodley181@gmail.com,New,RY-LEAD-00222986,Working - Contacted,2026-09-09T12:50:53.000+0000
00QjX0000005wHwUAI,https://business-data-62022.lightning.force.com/lightning/r/Lead/00QjX0000005wHwUAI/view,Nomsa,Molefe,[Individual Applicant],nomsa.molefe819@gmail.com,New,RY-LEAD-00224357,Qualified,2026-09-09T12:46:19.000+0000
00QjX0000005xsLUAQ,https://business-data-62022.lightning.force.com/lightning/r/Lead/00QjX0000005xsLUAQ/view,Zaid,Nkosi,[Individual Applicant],zaid.nkosi45@live.co.za,New,RY-LEAD-00232125,Nurture,2026-09-09T12:52:27.000+0000
00QjX0000005xymUAA,https://business-data-62022.lightning.force.com/lightning/r/Lead/00QjX0000005xymUAA/view,Lerato,Dlamini,[Individual Applicant],lerato.dlamini159@gmail.com,New,RY-LEAD-00237397,Open - Not Contacted,2026-09-09T12:47:57.000+0000
00QjX0000005t5aUAA,https://business-data-62022.lightning.force.com/lightning/r/Lead/00QjX0000005t5aUAA/view,Mpho,Botha,[Individual Applicant],mpho.botha74@gmail.com,New,RY-LEAD-00238460,Working - Contacted,2026-09-09T12:39:52.000+0000
00QjX0000005yegUAA,https://business-data-62022.lightning.force.com/lightning/r/Lead/00QjX0000005yegUAA/view,Sipho,Nkosi,[Individual Applicant],sipho.nkosi133@gmail.com,New,RY-LEAD-00241405,Qualified,2026-09-09T12:47:00.000+0000
00QjX0000005wl3UAA,https://business-data-62022.lightning.force.com/lightning/r/Lead/00QjX0000005wl3UAA/view,Kagiso,Mahlangu,[Individual Applicant],kagisomahlangu34@outlook.com,New,RY-LEAD-00242086,Converted,2026-09-09T12:45:58.000+0000
00QjX0000005xPHUAY,https://business-data-62022.lightning.force.com/lightning/r/Lead/00QjX0000005xPHUAY/view,Elmarie,Maseko,[Individual Applicant],elmarie.maseko548@hotmail.com,New,RY-LEAD-00242755,Working - Contacted,2026-09-09T12:44:11.000+0000
00QjX0000005wMnUAI,https://business-data-62022.lightning.force.com/lightning/r/Lead/00QjX0000005wMnUAI/view,Johan,williams,[Individual Applicant],johan.williams33@telkomsa.net,New,RY-LEAD-00245422,Converted,2026-09-09T12:40:35.000+0000
00QjX0000005y6pUAA,https://business-data-62022.lightning.force.com/lightning/r/Lead/00QjX0000005y6pUAA/view,Andile,Petersen,[Individual Applicant],andile.petersen35@outlook.com,New,RY-LEAD-00246817,Open - Not Contacted,2026-09-09T12:51:17.000+0000
00QjX0000005sr5UAA,https://business-data-62022.lightning.force.com/lightning/r/Lead/00QjX0000005sr5UAA/view,Daniel,Isaacs,[Individual Applicant],daniel.isaacs29@icloud.com,New,RY-LEAD-00253775,Nurture,2026-09-09T12:45:07.000+0000
00QjX0000005yDGUAY,https://business-data-62022.lightning.force.com/lightning/r/Lead/00QjX0000005yDGUAY/view,Thabo,Khumalo,[Individual Applicant],thabo.khumalo134@outlook.com,New,RY-LEAD-00258373,Open - Not Contacted,2026-09-09T12:40:58.000+0000
00QjX0000005wg9UAA,https://business-data-62022.lightning.force.com/lightning/r/Lead/00QjX0000005wg9UAA/view,Sarah,Sibiya,[Individual Applicant],sarah_sibiya9@gmail.com,New,RY-LEAD-00259612,Qualified,2026-09-09T12:46:10.000+0000
00QjX0000005ufvUAA,https://business-data-62022.lightning.force.com/lightning/r/Lead/00QjX0000005ufvUAA/view,Sarah,Nyathi,[Individual Applicant],sarahnyathi15@gmail.com,New,RY-LEAD-00261338,Converted,2026-09-09T12:41:00.000+0000
00QjX0000005xFdUAI,https://business-data-62022.lightning.force.com/lightning/r/Lead/00QjX0000005xFdUAI/view,Johan,Mahlangu,[Individual Applicant],johan.mahlangu59@gmail.com,New,RY-LEAD-00266994,Working - Contacted,2026-09-09T12:43:00.000+0000
00QjX0000005yQBUAY,https://business-data-62022.lightning.force.com/lightning/r/Lead/00QjX0000005yQBUAY/view,Megan,Isaacs,[Individual Applicant],meganisaacs14@yahoo.com,New,RY-LEAD-00273792,Qualified,2026-09-09T12:42:40.000+0000
00QjX0000005umQUAQ,https://business-data-62022.lightning.force.com/lightning/r/Lead/00QjX0000005umQUAQ/view,Megan,Botha,[Individual Applicant],meganbotha14@outlook.com,New,RY-LEAD-00273885,Qualified,2026-09-09T12:49:55.000+0000
00QjX0000005x5uUAA,https://business-data-62022.lightning.force.com/lightning/r/Lead/00QjX0000005x5uUAA/view,Palesa,Molefe,[Individual Applicant],palesa.molefe410@gmail.com,New,RY-LEAD-00274868,Qualified,2026-09-09T12:46:53.000+0000
00QjX0000005xxFUAQ,https://business-data-62022.lightning.force.com/lightning/r/Lead/00QjX0000005xxFUAQ/view,Lerato,Abrahams,[Individual Applicant],leratoabrahams46@gmail.com,New,RY-LEAD-00276543,Unqualified,2026-09-09T12:48:03.000+0000
00QjX0000005umVUAQ,https://business-data-62022.lightning.force.com/lightning/r/Lead/00QjX0000005umVUAQ/view,Ilse,Adams,[Individual Applicant],ilseadams5@mweb.co.za,New,RY-LEAD-00282513,Working - Contacted,2026-09-09T12:51:28.000+0000
00QjX0000005vovUAA,https://business-data-62022.lightning.force.com/lightning/r/Lead/00QjX0000005vovUAA/view,Jessica,Venter,[Individual Applicant],jessica.venter25@gmail.com,New,RY-LEAD-00287386,Converted,2026-09-09T12:47:15.000+0000
00QjX0000005wxvUAA,https://business-data-62022.lightning.force.com/lightning/r/Lead/00QjX0000005wxvUAA/view,Riaan,Nyathi,[Individual Applicant],riaannyathi14@gmail.com,New,RY-LEAD-00294436,Working - Contacted,2026-09-09T12:50:31.000+0000
00QjX0000005v2ZUAQ,https://business-data-62022.lightning.force.com/lightning/r/Lead/00QjX0000005v2ZUAQ/view,Lindiwe,Van der Merwe,[Individual Applicant],lindiwe_vandermerwe976@gmail.com,New,RY-LEAD-00301557,Nurture,2026-09-09T12:42:42.000+0000
00QjX0000005wrPUAQ,https://business-data-62022.lightning.force.com/lightning/r/Lead/00QjX0000005wrPUAQ/view,Sipho,Isaacs,[Individual Applicant],sipho.isaacs77@gmail.com,New,RY-LEAD-00303654,Nurture,2026-09-09T12:42:23.000+0000
00QjX0000005xaaUAA,https://business-data-62022.lightning.force.com/lightning/r/Lead/00QjX0000005xaaUAA/view,Zodwa,mahlangu,[Individual Applicant],zodwa.mahlangu44@webmail.co.za,New,RY-LEAD-00304096,Open - Not Contacted,2026-09-09T12:44:02.000+0000
00QjX0000005yRnUAI,https://business-data-62022.lightning.force.com/lightning/r/Lead/00QjX0000005yRnUAI/view,Thandiwe,Radebe,[Individual Applicant],thandiwe.radebe983@outlook.com,New,RY-LEAD-00308125,Qualified,2026-09-09T12:42:35.000+0000
00QjX0000005u05UAA,https://business-data-62022.lightning.force.com/lightning/r/Lead/00QjX0000005u05UAA/view,Busisiwe,Petersen,[Individual Applicant],busisiwe_petersen232@icloud.com,New,RY-LEAD-00313419,Qualified,2026-09-09T12:47:13.000+0000
00QjX0000005xVjUAI,https://business-data-62022.lightning.force.com/lightning/r/Lead/00QjX0000005xVjUAI/view,Michael,Mokoena,[Individual Applicant],michaelmokoena39@outlook.com,New,RY-LEAD-00322608,Unqualified,2026-09-09T12:43:30.000+0000
00QjX0000005vCCUAY,https://business-data-62022.lightning.force.com/lightning/r/Lead/00QjX0000005vCCUAY/view,Daniel,Sithole,[Individual Applicant],daniel.sithole46@gmail.com,New,RY-LEAD-00325501,Working - Contacted,2026-09-09T12:41:38.000+0000
00QjX0000005vTyUAI,https://business-data-62022.lightning.force.com/lightning/r/Lead/00QjX0000005vTyUAI/view,Kagiso,Zulu,[Individual Applicant],kagiso.zulu83@outlook.com,New,RY-LEAD-00326622,Converted,2026-09-09T12:40:06.000+0000
00QjX0000005tlVUAQ,https://business-data-62022.lightning.force.com/lightning/r/Lead/00QjX0000005tlVUAQ/view,Busisiwe,Sithole,[Individual Applicant],busisiwe.sithole74@gmail.com,New,RY-LEAD-00338176,Working - Contacted,2026-09-09T12:39:38.000+0000
00QjX0000005wTOUAY,https://business-data-62022.lightning.force.com/lightning/r/Lead/00QjX0000005wTOUAY/view,Katlego,Ndlovu,[Individual Applicant],katlego.ndlovu629@gmail.com,New,RY-LEAD-00340193,Open - Not Contacted,2026-09-09T12:48:16.000+0000
00QjX0000005xyqUAA,https://business-data-62022.lightning.force.com/lightning/r/Lead/00QjX0000005xyqUAA/view,Tshepo,Van Wyk,[Individual Applicant],tshepo.vanwyk85@gmail.com,New,RY-LEAD-00341466,Open - Not Contacted,2026-09-09T12:51:25.000+0000
00QjX0000005uEbUAI,https://business-data-62022.lightning.force.com/lightning/r/Lead/00QjX0000005uEbUAI/view,Ayanda,Daniels,[Individual Applicant],ayandadaniels37@hotmail.com,New,RY-LEAD-00342384,Nurture,2026-09-09T12:49:50.000+0000
00QjX0000005xykUAA,https://business-data-62022.lightning.force.com/lightning/r/Lead/00QjX0000005xykUAA/view,Zanele,Mokoena,[Individual Applicant],zanele_mokoena646@webmail.co.za,New,RY-LEAD-00347815,Working - Contacted,2026-09-09T12:46:39.000+0000
00QjX0000005uT6UAI,https://business-data-62022.lightning.force.com/lightning/r/Lead/00QjX0000005uT6UAI/view,Mandla,Botha,[Individual Applicant],mandla_botha18@gmail.com,New,RY-LEAD-00349189,Working - Contacted,2026-09-09T12:46:41.000+0000
00QjX0000005tlWUAQ,https://business-data-62022.lightning.force.com/lightning/r/Lead/00QjX0000005tlWUAQ/view,Kagiso,Maseko,[Individual Applicant],kagiso.maseko16@outlook.com,New,RY-LEAD-00354369,Converted,2026-09-09T12:40:11.000+0000
00QjX0000005wUrUAI,https://business-data-62022.lightning.force.com/lightning/r/Lead/00QjX0000005wUrUAI/view,Anmarie,Mthembu,[Individual Applicant],anmarie.mthembu60@yahoo.com,New,RY-LEAD-00362580,Working - Contacted,2026-09-09T12:45:12.000+0000
00QjX0000005yLNUAY,https://business-data-62022.lightning.force.com/lightning/r/Lead/00QjX0000005yLNUAY/view,Ayanda,Maseko,[Individual Applicant],ayanda.maseko105@gmail.com,New,RY-LEAD-00362757,Qualified,2026-09-09T12:49:01.000+0000
00QjX0000005yDFUAY,https://business-data-62022.lightning.force.com/lightning/r/Lead/00QjX0000005yDFUAY/view,Johan,Abrahams,[Individual Applicant],johan.abrahams74@gmail.com,New,RY-LEAD-00364093,Converted,2026-09-09T12:39:43.000+0000
00QjX0000005tojUAA,https://business-data-62022.lightning.force.com/lightning/r/Lead/00QjX0000005tojUAA/view,Nomsa,Mahlangu,[Individual Applicant],nomsa.mahlangu119@gmail.com,New,RY-LEAD-00364527,Open - Not Contacted,2026-09-09T12:52:26.000+0000
00QjX0000005uckUAA,https://business-data-62022.lightning.force.com/lightning/r/Lead/00QjX0000005uckUAA/view,David,Moodley,[Individual Applicant],david.moodley37@gmail.co.za,New,RY-LEAD-00367972,Qualified,2026-09-09T12:42:02.000+0000
00QjX0000005umRUAQ,https://business-data-62022.lightning.force.com/lightning/r/Lead/00QjX0000005umRUAQ/view,Thabo,Mahlangu,[Individual Applicant],thabomahlangu65@outlook.com,New,RY-LEAD-00372240,Converted,2026-09-09T12:50:03.000+0000
00QjX0000005yRmUAI,https://business-data-62022.lightning.force.com/lightning/r/Lead/00QjX0000005yRmUAI/view,Thandiwe,Ndlovu,[Individual Applicant],thandiwe.ndlovu134@gmail.com,New,RY-LEAD-00378385,Nurture,2026-09-09T12:42:28.000+0000
00QjX0000005sz8UAA,https://business-data-62022.lightning.force.com/lightning/r/Lead/00QjX0000005sz8UAA/view,Sipho,Khumalo,[Individual Applicant],sipho.khumalo188@gmail.com,New,RY-LEAD-00380305,Working - Contacted,2026-09-09T12:49:31.000+0000
00QjX0000005wTMUAY,https://business-data-62022.lightning.force.com/lightning/r/Lead/00QjX0000005wTMUAY/view,Nomsa,Williams,[Individual Applicant],,New,RY-LEAD-00380626,Open - Not Contacted,2026-09-09T12:48:01.000+0000
00QjX0000005vc2UAA,https://business-data-62022.lightning.force.com/lightning/r/Lead/00QjX0000005vc2UAA/view,Sibusiso,Abrahams,[Individual Applicant],sibusiso.abrahams464@gmail.com,New,RY-LEAD-00382829,Working - Contacted,2026-09-09T12:44:54.000+0000
00QjX0000005yGTUAY,https://business-data-62022.lightning.force.com/lightning/r/Lead/00QjX0000005yGTUAY/view,Ashwin,Nkosi,[Individual Applicant],ashwin.nkosi890@mweb.co.za,New,RY-LEAD-00385423,Nurture,2026-09-09T12:40:08.000+0000
00QjX0000005v2dUAA,https://business-data-62022.lightning.force.com/lightning/r/Lead/00QjX0000005v2dUAA/view,Lerato,Petersen,[Individual Applicant],lerato.petersen454@mweb.co.za,New,RY-LEAD-00385598,Qualified,2026-09-09T12:45:33.000+0000
00QjX0000005sr3UAA,https://business-data-62022.lightning.force.com/lightning/r/Lead/00QjX0000005sr3UAA/view,Mpho,Nyathi,[Individual Applicant],mphonyathi51@gmail.com,New,RY-LEAD-00395901,Working - Contacted,2026-09-09T12:41:03.000+0000
00QjX0000005xFfUAI,https://business-data-62022.lightning.force.com/lightning/r/Lead/00QjX0000005xFfUAI/view,Sipho,Nkosi,[Individual Applicant],,New,RY-LEAD-00396013,Working - Contacted,2026-09-09T12:46:33.000+0000
00QjX0000005yWbUAI,https://business-data-62022.lightning.force.com/lightning/r/Lead/00QjX0000005yWbUAI/view,Nokuthula,Du Plessis,[Individual Applicant],nokuthula.duplessis160@gmail.com,New,RY-LEAD-00396689,Open - Not Contacted,2026-09-09T12:43:08.000+0000
00QjX0000005v2bUAA,https://business-data-62022.lightning.force.com/lightning/r/Lead/00QjX0000005v2bUAA/view,Marlize,Mahlangu,[Individual Applicant],marlizemahlangu427@gmail.com,New,RY-LEAD-00398938,Working - Contacted,2026-09-09T12:44:21.000+0000
00QjX0000005yQFUAY,https://business-data-62022.lightning.force.com/lightning/r/Lead/00QjX0000005yQFUAY/view,Thabo,Petersen,[Individual Applicant],,New,RY-LEAD-00407552,Open - Not Contacted,2026-09-09T12:48:53.000+0000
00QjX0000005v2aUAA,https://business-data-62022.lightning.force.com/lightning/r/Lead/00QjX0000005v2aUAA/view,Megan,Zulu,[Individual Applicant],megan.zulu61@gmail.com,New,RY-LEAD-00407779,Open - Not Contacted,2026-09-09T12:43:04.000+0000
00QjX0000005uG7UAI,https://business-data-62022.lightning.force.com/lightning/r/Lead/00QjX0000005uG7UAI/view,Mpho,Petersen,[Individual Applicant],mphopetersen44@telkomsa.net,New,RY-LEAD-00408288,Converted,2026-09-09T12:48:09.000+0000
00QjX0000005v2cUAA,https://business-data-62022.lightning.force.com/lightning/r/Lead/00QjX0000005v2cUAA/view,Andile,Mokoena,[Individual Applicant],andilemokoena74@gmail.com,New,RY-LEAD-00412801,Qualified,2026-09-09T12:45:14.000+0000
00QjX0000005vCEUAY,https://business-data-62022.lightning.force.com/lightning/r/Lead/00QjX0000005vCEUAY/view,andile,Williams,[Individual Applicant],andilewilliams31@gmail.com,New,RY-LEAD-00413745,Converted,2026-09-09T12:51:30.000+0000
00QjX0000005wbJUAQ,https://business-data-62022.lightning.force.com/lightning/r/Lead/00QjX0000005wbJUAQ/view,Lindiwe,Dlamini,[Individual Applicant],lindiwe.dlamini591@gmail.com,New,RY-LEAD-00414410,Nurture,2026-09-09T12:41:02.000+0000
00QjX0000005umUUAQ,https://business-data-62022.lightning.force.com/lightning/r/Lead/00QjX0000005umUUAQ/view,Chantelle,Fourie,[Individual Applicant],chantelle.fourie33@outlook.com,New,RY-LEAD-00419742,Nurture,2026-09-09T12:51:23.000+0000
00QjX0000005xKTUAY,https://business-data-62022.lightning.force.com/lightning/r/Lead/00QjX0000005xKTUAY/view,Shireen,Zulu,[Individual Applicant],shireen_zulu7@hotmail.com,New,RY-LEAD-00424977,Working - Contacted,2026-09-09T12:43:37.000+0000
00QjX0000005vfDUAQ,https://business-data-62022.lightning.force.com/lightning/r/Lead/00QjX0000005vfDUAQ/view,Katlego,Nel,[Individual Applicant],,New,RY-LEAD-00428871,Nurture,2026-09-09T12:50:58.000+0000
00QjX0000005wgBUAQ,https://business-data-62022.lightning.force.com/lightning/r/Lead/00QjX0000005wgBUAQ/view,Megan,Jacobs,[Individual Applicant],megan.jacobs37@gmail.com,New,RY-LEAD-00429066,Unqualified,2026-09-09T12:51:51.000+0000
00QjX0000005wjLUAQ,https://business-data-62022.lightning.force.com/lightning/r/Lead/00QjX0000005wjLUAQ/view,Pieter,Jacobs,[Individual Applicant],pieter.jacobs62@gmail.com,New,RY-LEAD-00431700,Nurture,2026-09-09T12:43:13.000+0000
00QjX0000005t5eUAA,https://business-data-62022.lightning.force.com/lightning/r/Lead/00QjX0000005t5eUAA/view,Emma,ZULU,[Individual Applicant],emma.zulu92@gmail.com,New,RY-LEAD-00441604,Open - Not Contacted,2026-09-09T12:51:10.000+0000
00QjX0000005xsJUAQ,https://business-data-62022.lightning.force.com/lightning/r/Lead/00QjX0000005xsJUAQ/view,Kagiso,Daniels,[Individual Applicant],kagiso.daniels394@gmail.com,New,RY-LEAD-00442930,Open - Not Contacted,2026-09-09T12:42:57.000+0000
00QjX0000005vtmUAA,https://business-data-62022.lightning.force.com/lightning/r/Lead/00QjX0000005vtmUAA/view,Refilwe,Dlamini,[Individual Applicant],refilwe.dlamini341@gmail.com,New,RY-LEAD-00443158,Qualified,2026-09-09T12:52:19.000+0000
00QjX0000005yZpUAI,https://business-data-62022.lightning.force.com/lightning/r/Lead/00QjX0000005yZpUAI/view,Nokuthula,Reddy,[Individual Applicant],nokuthulareddy781@gmail.com,New,RY-LEAD-00449167,Open - Not Contacted,2026-09-09T12:44:19.000+0000
00QjX0000005vYoUAI,https://business-data-62022.lightning.force.com/lightning/r/Lead/00QjX0000005vYoUAI/view,Katlego,Reddy,[Individual Applicant],katlego.reddy972@gmail.com,New,RY-LEAD-00449352,Working - Contacted,2026-09-09T12:46:54.000+0000
00QjX0000005v2YUAQ,https://business-data-62022.lightning.force.com/lightning/r/Lead/00QjX0000005v2YUAQ/view,Riaan,Moodley,[Individual Applicant],riaanmoodley17@yahoo.com,New,RY-LEAD-00453208,Converted,2026-09-09T12:40:31.000+0000
00QjX0000005umOUAQ,https://business-data-62022.lightning.force.com/lightning/r/Lead/00QjX0000005umOUAQ/view,Ayanda,Reddy,[Individual Applicant],,New,RY-LEAD-00458979,Open - Not Contacted,2026-09-09T12:42:46.000+0000
00QjX0000005yRqUAI,https://business-data-62022.lightning.force.com/lightning/r/Lead/00QjX0000005yRqUAI/view,Kagiso,Sibiya,[Individual Applicant],kagiso.sibiya102@gmail.com,New,RY-LEAD-00475504,Working - Contacted,2026-09-09T12:46:02.000+0000
00QjX0000005wTPUAY,https://business-data-62022.lightning.force.com/lightning/r/Lead/00QjX0000005wTPUAY/view,Lindiwe,Hendricks,[Individual Applicant],lindiwe.hendricks833@mweb.co.za,New,RY-LEAD-00476382,Open - Not Contacted,2026-09-09T12:49:05.000+0000
00QjX0000005wUsUAI,https://business-data-62022.lightning.force.com/lightning/r/Lead/00QjX0000005wUsUAI/view,Chad,Ndlovu,[Individual Applicant],chad.ndlovu66@gmail.com,New,RY-LEAD-00479856,Converted,2026-09-09T12:45:24.000+0000
00QjX0000005yJhUAI,https://business-data-62022.lightning.force.com/lightning/r/Lead/00QjX0000005yJhUAI/view,Tarryn,Sibiya,[Individual Applicant],tarryn.sibiya34@gmail.com,New,RY-LEAD-00480227,Working - Contacted,2026-09-09T12:41:23.000+0000
00QjX0000005x2gUAA,https://business-data-62022.lightning.force.com/lightning/r/Lead/00QjX0000005x2gUAA/view,Lindiwe,Damons,[Individual Applicant],lindiwe_damons555@gmail.com,New,RY-LEAD-00481451,Working - Contacted,2026-09-09T12:40:33.000+0000
00QjX0000005vXDUAY,https://business-data-62022.lightning.force.com/lightning/r/Lead/00QjX0000005vXDUAY/view,Sibusiso,Daniels,[Individual Applicant],sibusiso.daniels4731@icloud.com,New,RY-LEAD-00495467,Converted,2026-09-09T12:47:27.000+0000
00QjX0000005xU9UAI,https://business-data-62022.lightning.force.com/lightning/r/Lead/00QjX0000005xU9UAI/view,Naledi,Sithole,[Individual Applicant],naledi.sithole159@gmail.com,New,RY-LEAD-00503871,Nurture,2026-09-09T12:45:37.000+0000
00QjX0000005viXUAQ,https://business-data-62022.lightning.force.com/lightning/r/Lead/00QjX0000005viXUAQ/view,Nomsa,Jansen,[Individual Applicant],nomsajansen142@webmail.co.za,New,RY-LEAD-00504448,Working - Contacted,2026-09-09T12:50:07.000+0000
00QjX0000005yUzUAI,https://business-data-62022.lightning.force.com/lightning/r/Lead/00QjX0000005yUzUAI/view,Tariq,Smith,[Individual Applicant],tariq.smith29@gmail.com,New,RY-LEAD-00505721,Nurture,2026-09-09T12:42:31.000+0000
00QjX0000005xE3UAI,https://business-data-62022.lightning.force.com/lightning/r/Lead/00QjX0000005xE3UAI/view,Lindiwe,Venter,[Individual Applicant],lindiwe.venter87@gmail.com,New,RY-LEAD-00508936,Working - Contacted,2026-09-09T12:44:38.000+0000
00QjX0000005yoMUAQ,https://business-data-62022.lightning.force.com/lightning/r/Lead/00QjX0000005yoMUAQ/view,nokuthula,Zulu,[Individual Applicant],nokuthula_zulu690@gmail.com,New,RY-LEAD-00509608,Qualified,2026-09-09T12:50:35.000+0000
00QjX0000005y8QUAQ,https://business-data-62022.lightning.force.com/lightning/r/Lead/00QjX0000005y8QUAQ/view,Lwazi,Abrahams,[Individual Applicant],lwazi_abrahams12@outlook.com,New,RY-LEAD-00510127,Open - Not Contacted,2026-09-09T12:40:04.000+0000
00QjX0000005x7dUAA,https://business-data-62022.lightning.force.com/lightning/r/Lead/00QjX0000005x7dUAA/view,James,Zulu,[Individual Applicant],,New,RY-LEAD-00516638,Working - Contacted,2026-09-09T12:43:06.000+0000
00QjX0000005w57UAA,https://business-data-62022.lightning.force.com/lightning/r/Lead/00QjX0000005w57UAA/view,Zodwa,Van der Merwe,[Individual Applicant],zodwa.vandermerwe88@outlook.co.za,New,RY-LEAD-00520319,Working - Contacted,2026-09-09T12:40:13.000+0000
00QjX0000005vowUAA,https://business-data-62022.lightning.force.com/lightning/r/Lead/00QjX0000005vowUAA/view,Yusuf,Dlamini,[Individual Applicant],yusuf_dlamini24@hotmail.com,New,RY-LEAD-00523245,Qualified,2026-09-09T12:47:31.000+0000
00QjX0000005vwyUAA,https://business-data-62022.lightning.force.com/lightning/r/Lead/00QjX0000005vwyUAA/view,Themba,Nortje,[Individual Applicant],themba.nortje59@gmail.com,New,RY-LEAD-00527278,Nurture,2026-09-09T12:40:45.000+0000
00QjX0000005u83UAA,https://business-data-62022.lightning.force.com/lightning/r/Lead/00QjX0000005u83UAA/view,Marlize,Jansen,[Individual Applicant],marlize.jansen27@gmail.com,New,RY-LEAD-00530152,Working - Contacted,2026-09-09T12:43:28.000+0000
00QjX0000005vsBUAQ,https://business-data-62022.lightning.force.com/lightning/r/Lead/00QjX0000005vsBUAQ/view,Palesa,Mahlangu,[Individual Applicant],,New,RY-LEAD-00532460,Nurture,2026-09-09T12:41:07.000+0000
00QjX0000005vfCUAQ,https://business-data-62022.lightning.force.com/lightning/r/Lead/00QjX0000005vfCUAQ/view,Mandla,Coetzee,[Individual Applicant],mandla.coetzee79@gmail.com,New,RY-LEAD-00535778,Nurture,2026-09-09T12:47:24.000+0000
00QjX0000005wbKUAQ,https://business-data-62022.lightning.force.com/lightning/r/Lead/00QjX0000005wbKUAQ/view,Ayanda,Sithole,[Individual Applicant],ayanda.sithole788@live.co.za,New,RY-LEAD-00541901,Working - Contacted,2026-09-09T12:43:39.000+0000
00QjX0000005wczUAA,https://business-data-62022.lightning.force.com/lightning/r/Lead/00QjX0000005wczUAA/view,Mandla,Molefe,[Individual Applicant],mandla.molefe623@gmail.com,New,RY-LEAD-00545355,Open - Not Contacted,2026-09-09T12:47:22.000+0000
00QjX0000005ucoUAA,https://business-data-62022.lightning.force.com/lightning/r/Lead/00QjX0000005ucoUAA/view,Andile,Isaacs,[Individual Applicant],andileisaacs880@gmail.com,New,RY-LEAD-00546612,Nurture,2026-09-09T12:48:54.000+0000
00QjX0000005uEZUAY,https://business-data-62022.lightning.force.com/lightning/r/Lead/00QjX0000005uEZUAY/view,Daniel,Mabaso,[Individual Applicant],daniel.mabaso61@gmail.com,New,RY-LEAD-00546793,Nurture,2026-09-09T12:49:12.000+0000
00QjX0000005tFGUAY,https://business-data-62022.lightning.force.com/lightning/r/Lead/00QjX0000005tFGUAY/view,Busisiwe,Daniels,[Individual Applicant],busisiwe.daniels187@gmail.com,New,RY-LEAD-00554392,Nurture,2026-09-09T12:45:20.000+0000
00QjX0000005xE4UAI,https://business-data-62022.lightning.force.com/lightning/r/Lead/00QjX0000005xE4UAI/view,Busisiwe,Khumalo,[Individual Applicant],busisiwekhumalo63@gmail.com,New,RY-LEAD-00555778,Converted,2026-09-09T12:45:11.000+0000
00QjX0000005vaOUAQ,https://business-data-62022.lightning.force.com/lightning/r/Lead/00QjX0000005vaOUAQ/view,Palesa,Abrahams,[Individual Applicant],palesa.abrahams491@gmail.com,New,RY-LEAD-00559165,Working - Contacted,2026-09-09T12:43:34.000+0000
00QjX0000005tTnUAI,https://business-data-62022.lightning.force.com/lightning/r/Lead/00QjX0000005tTnUAI/view,KIRSTEN,September,[Individual Applicant],kirsten.september41@hotmail.com,New,RY-LEAD-00563733,Converted,2026-09-09T12:49:23.000+0000
00QjX0000005wHvUAI,https://business-data-62022.lightning.force.com/lightning/r/Lead/00QjX0000005wHvUAI/view,Aisha,Fortuin,[Individual Applicant],aisha.fortuin38@outlook.com,New,RY-LEAD-00565906,Qualified,2026-09-09T12:44:50.000+0000
00QjX0000005xFcUAI,https://business-data-62022.lightning.force.com/lightning/r/Lead/00QjX0000005xFcUAI/view,Palesa,Naidoo,[Individual Applicant],palesa.naidoo151@telkomsa.net,New,RY-LEAD-00573138,Nurture,2026-09-09T12:41:41.000+0000
00QjX0000005wxxUAA,https://business-data-62022.lightning.force.com/lightning/r/Lead/00QjX0000005wxxUAA/view,Thandiwe,Coetzee,[Individual Applicant],thandiwe.coetzee797@gmail.com,New,RY-LEAD-00576213,Working - Contacted,2026-09-09T12:51:07.000+0000
00QjX0000005wl2UAA,https://business-data-62022.lightning.force.com/lightning/r/Lead/00QjX0000005wl2UAA/view,Ayanda,Sibiya,[Individual Applicant],ayanda.sibiya147@gmail.com,New,RY-LEAD-00578369,Open - Not Contacted,2026-09-09T12:41:27.000+0000
00QjX0000005sFwUAI,https://business-data-62022.lightning.force.com/lightning/r/Lead/00QjX0000005sFwUAI/view,Palesa,Molefe,[Individual Applicant],palesa.molefe56@gmail.com,New,RY-LEAD-00580007,Converted,2026-09-09T12:46:32.000+0000
00QjX0000005tryUAA,https://business-data-62022.lightning.force.com/lightning/r/Lead/00QjX0000005tryUAA/view,Lindiwe,Jansen,[Individual Applicant],lindiwe.jansen14@gmail.com,New,RY-LEAD-00582535,Working - Contacted,2026-09-09T12:42:00.000+0000
00QjX0000005u82UAA,https://business-data-62022.lightning.force.com/lightning/r/Lead/00QjX0000005u82UAA/view,Tarryn,Maseko,[Individual Applicant],tarryn.maseko57@outlook.com,New,RY-LEAD-00582786,Open - Not Contacted,2026-09-09T12:43:23.000+0000
00QjX0000005wueUAA,https://business-data-62022.lightning.force.com/lightning/r/Lead/00QjX0000005wueUAA/view,Busisiwe,nkosi,[Individual Applicant],busisiwenkosi89@webmail.co.za,New,RY-LEAD-00584201,Nurture,2026-09-09T12:44:42.000+0000
00QjX0000005voyUAA,https://business-data-62022.lightning.force.com/lightning/r/Lead/00QjX0000005voyUAA/view,Rajesh,Damons,[Individual Applicant],rajesh.damons34@gmail.com,New,RY-LEAD-00591511,Working - Contacted,2026-09-09T12:48:25.000+0000
00QjX0000005wgAUAQ,https://business-data-62022.lightning.force.com/lightning/r/Lead/00QjX0000005wgAUAQ/view,Nomsa,Botha,[Individual Applicant],nomsa.botha190@hotmail.com,New,RY-LEAD-00592372,Open - Not Contacted,2026-09-09T12:51:13.000+0000
00QjX0000005xabUAA,https://business-data-62022.lightning.force.com/lightning/r/Lead/00QjX0000005xabUAA/view,Yusuf,Jansen,[Individual Applicant],yusuf.jansen54@mweb.co.za,New,RY-LEAD-00600184,Working - Contacted,2026-09-09T12:50:19.000+0000
00QjX0000005xoVUAQ,https://business-data-62022.lightning.force.com/lightning/r/Lead/00QjX0000005xoVUAQ/view,Busisiwe,Steyn,[Individual Applicant],busisiwe.steyn303@hotmail.com,New,RY-LEAD-00602560,Converted,2026-09-09T12:52:04.000+0000
00QjX0000005tDcUAI,https://business-data-62022.lightning.force.com/lightning/r/Lead/00QjX0000005tDcUAI/view,Bongani,Fourie,[Individual Applicant],bongani.fourie603@yahoo.com,New,RY-LEAD-00602807,Unqualified,2026-09-09T12:40:21.000+0000
00QjX0000005xFeUAI,https://business-data-62022.lightning.force.com/lightning/r/Lead/00QjX0000005xFeUAI/view,Themba,Naidoo,[Individual Applicant],themba.naidoo134@outlook.com,New,RY-LEAD-00602845,Unqualified,2026-09-09T12:46:26.000+0000
00QjX0000005wTLUAY,https://business-data-62022.lightning.force.com/lightning/r/Lead/00QjX0000005wTLUAY/view,Lerato,Coetzee,[Individual Applicant],lerato.coetzee161@gmail.com,New,RY-LEAD-00604021,Open - Not Contacted,2026-09-09T12:47:29.000+0000
00QjX0000005xyoUAA,https://business-data-62022.lightning.force.com/lightning/r/Lead/00QjX0000005xyoUAA/view,Zodwa,Nortje,[Individual Applicant],zodwa.nortje606@gmail.com,New,RY-LEAD-00614078,Working - Contacted,2026-09-09T12:50:44.000+0000
00QjX0000005yV1UAI,https://business-data-62022.lightning.force.com/lightning/r/Lead/00QjX0000005yV1UAI/view,Tshepo,Nkosi,[Individual Applicant],tsheponkosi103@gmail.com,New,RY-LEAD-00618738,Qualified,2026-09-09T12:47:06.000+0000
00QjX0000005yefUAA,https://business-data-62022.lightning.force.com/lightning/r/Lead/00QjX0000005yefUAA/view,Dewald,maseko,[Individual Applicant],,New,RY-LEAD-00633586,Converted,2026-09-09T12:46:07.000+0000
00QjX0000005tToUAI,https://business-data-62022.lightning.force.com/lightning/r/Lead/00QjX0000005tToUAI/view,James,Williams,[Individual Applicant],james.williams780@gmail.com,New,RY-LEAD-00633681,Working - Contacted,2026-09-09T12:50:09.000+0000
00QjX0000005yBeUAI,https://business-data-62022.lightning.force.com/lightning/r/Lead/00QjX0000005yBeUAI/view,Zanele,Khumalo,[Individual Applicant],zanele.khumalo260@icloud.com,New,RY-LEAD-00634292,Open - Not Contacted,2026-09-09T12:43:10.000+0000
00QjX0000005y8RUAQ,https://business-data-62022.lightning.force.com/lightning/r/Lead/00QjX0000005y8RUAQ/view,Palesa,Jacobs,[Individual Applicant],palesa.jacobs140@gmail.com,New,RY-LEAD-00635517,Nurture,2026-09-09T12:43:02.000+0000
00QjX0000005yDHUAY,https://business-data-62022.lightning.force.com/lightning/r/Lead/00QjX0000005yDHUAY/view,Mpho,Isaacs,[Individual Applicant],mpho.isaacs122@gmail.com,New,RY-LEAD-00639113,Qualified,2026-09-09T12:44:04.000+0000
00QjX0000005vtlUAA,https://business-data-62022.lightning.force.com/lightning/r/Lead/00QjX0000005vtlUAA/view,Michael,Mahlangu,[Individual Applicant],michael.mahlangu163@gmail.com,New,RY-LEAD-00642550,Nurture,2026-09-09T12:48:38.000+0000
00QjX0000005wxyUAA,https://business-data-62022.lightning.force.com/lightning/r/Lead/00QjX0000005wxyUAA/view,Nokuthula,Venter,[Individual Applicant],nokuthulaventer413@yahoo.com,New,RY-LEAD-00647594,Qualified,2026-09-09T12:51:49.000+0000
00QjX0000005xtuUAA,https://business-data-62022.lightning.force.com/lightning/r/Lead/00QjX0000005xtuUAA/view,Mpho,Mokoena,[Individual Applicant],mpho.mokoena282@gmail.com,New,RY-LEAD-00654778,Nurture,2026-09-09T12:51:15.000+0000
00QjX0000005xxEUAQ,https://business-data-62022.lightning.force.com/lightning/r/Lead/00QjX0000005xxEUAQ/view,Sipho,Ndlovu,[Individual Applicant],sipho_ndlovu50@gmail.com,New,RY-LEAD-00657340,Working - Contacted,2026-09-09T12:47:11.000+0000
00QjX0000005sFyUAI,https://business-data-62022.lightning.force.com/lightning/r/Lead/00QjX0000005sFyUAI/view,Nomsa,Steyn,[Individual Applicant],nomsa_steyn30@yahoo.com,New,RY-LEAD-00661142,Nurture,2026-09-09T12:48:29.000+0000
00QjX0000005xsKUAQ,https://business-data-62022.lightning.force.com/lightning/r/Lead/00QjX0000005xsKUAQ/view,Mandla,Ndlovu,[Individual Applicant],mandla.ndlovu246@hotmail.com,New,RY-LEAD-00663189,Open - Not Contacted,2026-09-09T12:44:15.000+0000
00QjX0000005xvWUAQ,https://business-data-62022.lightning.force.com/lightning/r/Lead/00QjX0000005xvWUAQ/view,Ashwin,Botha,[Individual Applicant],ashwin.botha5551@gmail.com,New,RY-LEAD-00671569,Nurture,2026-09-09T12:43:32.000+0000
00QjX0000005yLOUAY,https://business-data-62022.lightning.force.com/lightning/r/Lead/00QjX0000005yLOUAY/view,Andile,Pillay,[Individual Applicant],andile.pillay123@gmail.com,New,RY-LEAD-00671658,Unqualified,2026-09-09T12:50:26.000+0000
00QjX0000005y6oUAA,https://business-data-62022.lightning.force.com/lightning/r/Lead/00QjX0000005y6oUAA/view,Sipho,Nel,[Individual Applicant],sipho.nel184@gmail.com,New,RY-LEAD-00671732,Qualified,2026-09-09T12:46:24.000+0000
00QjX0000005y1zUAA,https://business-data-62022.lightning.force.com/lightning/r/Lead/00QjX0000005y1zUAA/view,Lerato,Maseko,[Individual Applicant],leratomaseko789@gmail.com,New,RY-LEAD-00674850,Working - Contacted,2026-09-09T12:42:44.000+0000
00QjX0000005yWdUAI,https://business-data-62022.lightning.force.com/lightning/r/Lead/00QjX0000005yWdUAI/view,Naledi,Daniels,[Individual Applicant],naledi.daniels483@gmail.com,New,RY-LEAD-00676401,Open - Not Contacted,2026-09-09T12:43:50.000+0000
00QjX0000005yWeUAI,https://business-data-62022.lightning.force.com/lightning/r/Lead/00QjX0000005yWeUAI/view,Chantelle,Isaacs,[Individual Applicant],chantelle.isaacs804@gmail.com,New,RY-LEAD-00685626,Converted,2026-09-09T12:50:15.000+0000
00QjX0000005vk4UAA,https://business-data-62022.lightning.force.com/lightning/r/Lead/00QjX0000005vk4UAA/view,Nokuthula,Damons,[Individual Applicant],nokuthuladamons42@outlook.com,New,RY-LEAD-00687536,Qualified,2026-09-09T12:40:23.000+0000
00QjX0000005ygHUAQ,https://business-data-62022.lightning.force.com/lightning/r/Lead/00QjX0000005ygHUAQ/view,Elmarie,daniels,[Individual Applicant],elmarie.daniels40@hotmail.com,New,RY-LEAD-00693148,Qualified,2026-09-09T12:47:05.000+0000
00QjX0000005y5EUAQ,https://business-data-62022.lightning.force.com/lightning/r/Lead/00QjX0000005y5EUAQ/view,Nomsa,Petersen,[Individual Applicant],nomsa.petersen198@webmail.co.za,New,RY-LEAD-00695687,Working - Contacted,2026-09-09T12:42:58.000+0000
00QjX0000005u1bUAA,https://business-data-62022.lightning.force.com/lightning/r/Lead/00QjX0000005u1bUAA/view,Riaan,Nyathi,[Individual Applicant],riaan.nyathi96@outlook.com,New,RY-LEAD-00695846,Nurture,2026-09-09T12:52:14.000+0000
00QjX0000005tboUAA,https://business-data-62022.lightning.force.com/lightning/r/Lead/00QjX0000005tboUAA/view,Kagiso,Smith,[Individual Applicant],kagiso_smith14@gmail.com,New,RY-LEAD-00698600,Unqualified,2026-09-09T12:50:43.000+0000
00QjX0000005wxzUAA,https://business-data-62022.lightning.force.com/lightning/r/Lead/00QjX0000005wxzUAA/view,Zodwa,Van Wyk,[Individual Applicant],,New,RY-LEAD-00698665,Converted,2026-09-09T12:52:12.000+0000
00QjX0000005uL1UAI,https://business-data-62022.lightning.force.com/lightning/r/Lead/00QjX0000005uL1UAI/view,Zanele,Nortje,[Individual Applicant],zanele.nortje109@hotmail.com,New,RY-LEAD-00703194,Qualified,2026-09-09T12:43:17.000+0000
00QjX0000005toiUAA,https://business-data-62022.lightning.force.com/lightning/r/Lead/00QjX0000005toiUAA/view,Sarah,Nel,[Individual Applicant],,New,RY-LEAD-00712514,Working - Contacted,2026-09-09T12:48:20.000+0000
00QjX0000005t0hUAA,https://business-data-62022.lightning.force.com/lightning/r/Lead/00QjX0000005t0hUAA/view,Marlize,Van Wyk,[Individual Applicant],marlize.vanwyk69@gmail.com,New,RY-LEAD-00717597,Open - Not Contacted,2026-09-09T12:41:53.000+0000
00QjX0000005xtxUAA,https://business-data-62022.lightning.force.com/lightning/r/Lead/00QjX0000005xtxUAA/view,Katlego,Pretorius,[Individual Applicant],katlego.pretorius142@webmail.co.za,New,RY-LEAD-00727142,Working - Contacted,2026-09-09T12:52:20.000+0000
00QjX0000005xfPUAQ,https://business-data-62022.lightning.force.com/lightning/r/Lead/00QjX0000005xfPUAQ/view,Mandla,Abrahams,[Individual Applicant],,New,RY-LEAD-00731767,Open - Not Contacted,2026-09-09T12:48:35.000+0000
00QjX0000005ybRUAQ,https://business-data-62022.lightning.force.com/lightning/r/Lead/00QjX0000005ybRUAQ/view,David,Ndlovu,[Individual Applicant],davidndlovu77@mweb.co.za,New,RY-LEAD-00735361,Converted,2026-09-09T12:45:27.000+0000
00QjX0000005xHDUAY,https://business-data-62022.lightning.force.com/lightning/r/Lead/00QjX0000005xHDUAY/view,Priya,Mthembu,[Individual Applicant],priya_mthembu21@hotmail.com,New,RY-LEAD-00737774,Unqualified,2026-09-09T12:39:25.000+0000
00QjX0000005sFvUAI,https://business-data-62022.lightning.force.com/lightning/r/Lead/00QjX0000005sFvUAI/view,Nkosinathi,Nyathi,[Individual Applicant],nkosinathinyathi606@hotmail.com,New,RY-LEAD-00739559,Nurture,2026-09-09T12:46:17.000+0000
00QjX0000005xxAUAQ,https://business-data-62022.lightning.force.com/lightning/r/Lead/00QjX0000005xxAUAQ/view,Hendrik,Mthembu,[Individual Applicant],hendrikmthembu47@gmail.com,New,RY-LEAD-00743577,Qualified,2026-09-09T12:43:15.000+0000
00QjX0000005yjVUAQ,https://business-data-62022.lightning.force.com/lightning/r/Lead/00QjX0000005yjVUAQ/view,Ashwin,Daniels,[Individual Applicant],,New,RY-LEAD-00752860,Nurture,2026-09-09T12:47:53.000+0000
00QjX0000005yZsUAI,https://business-data-62022.lightning.force.com/lightning/r/Lead/00QjX0000005yZsUAI/view,Nokuthula,Smith,[Individual Applicant],nokuthula.smith61@hotmail.com,New,RY-LEAD-00757561,Converted,2026-09-09T12:46:58.000+0000
00QjX0000005vljUAA,https://business-data-62022.lightning.force.com/lightning/r/Lead/00QjX0000005vljUAA/view,Bongani,Mahlangu,[Individual Applicant],bongani.mahlangu305@vodamail.co.za,New,RY-LEAD-00759687,Working - Contacted,2026-09-09T12:41:40.000+0000
00QjX0000005wTJUAY,https://business-data-62022.lightning.force.com/lightning/r/Lead/00QjX0000005wTJUAY/view,Zodwa,Smith,[Individual Applicant],zodwa.smith100@outlook.com,New,RY-LEAD-00761109,Open - Not Contacted,2026-09-09T12:43:54.000+0000
00QjX0000005sZKUAY,https://business-data-62022.lightning.force.com/lightning/r/Lead/00QjX0000005sZKUAY/view,Themba,Maseko,[Individual Applicant],themba_maseko17@mweb.co.za,New,RY-LEAD-00761171,Working - Contacted,2026-09-09T12:41:34.000+0000
00QjX0000005xIpUAI,https://business-data-62022.lightning.force.com/lightning/r/Lead/00QjX0000005xIpUAI/view,Thandiwe,Reddy,[Individual Applicant],,New,RY-LEAD-00766213,Unqualified,2026-09-09T12:44:36.000+0000
00QjX0000005tTmUAI,https://business-data-62022.lightning.force.com/lightning/r/Lead/00QjX0000005tTmUAI/view,Chantelle,Hendricks,[Individual Applicant],chantelle.hendricks87@gmail.com,New,RY-LEAD-00770619,Working - Contacted,2026-09-09T12:44:52.000+0000
00QjX0000005xfOUAQ,https://business-data-62022.lightning.force.com/lightning/r/Lead/00QjX0000005xfOUAQ/view,Busisiwe,Coetzee,[Individual Applicant],busisiwe_coetzee22@gmail.com,New,RY-LEAD-00773860,Open - Not Contacted,2026-09-09T12:40:29.000+0000
00QjX0000005t5bUAA,https://business-data-62022.lightning.force.com/lightning/r/Lead/00QjX0000005t5bUAA/view,Megan,Mahlangu,[Individual Applicant],,New,RY-LEAD-00781312,Open - Not Contacted,2026-09-09T12:39:58.000+0000
00QjX0000005vliUAA,https://business-data-62022.lightning.force.com/lightning/r/Lead/00QjX0000005vliUAA/view,Marlize,Dlamini,[Individual Applicant],marlize.dlamini135@gmail.com,New,RY-LEAD-00782612,Qualified,2026-09-09T12:41:32.000+0000
00QjX0000005vtjUAA,https://business-data-62022.lightning.force.com/lightning/r/Lead/00QjX0000005vtjUAA/view,Megan,Molefe,[Individual Applicant],megan.molefe141@hotmail.com,New,RY-LEAD-00783054,Nurture,2026-09-09T12:45:18.000+0000
00QjX0000005yWcUAI,https://business-data-62022.lightning.force.com/lightning/r/Lead/00QjX0000005yWcUAI/view,Daniel,Van Wyk,[Individual Applicant],danielvanwyk51@gmail.com,New,RY-LEAD-00790229,Unqualified,2026-09-09T12:43:19.000+0000
00QjX0000005y20UAA,https://business-data-62022.lightning.force.com/lightning/r/Lead/00QjX0000005y20UAA/view,Kyle,Sithole,[Individual Applicant],kyle.sithole116@gmail.com,New,RY-LEAD-00793936,Nurture,2026-09-09T12:50:51.000+0000
00QjX0000005y3bUAA,https://business-data-62022.lightning.force.com/lightning/r/Lead/00QjX0000005y3bUAA/view,Emma,Mthembu,[Individual Applicant],emma.mthembu267@gmail.com,New,RY-LEAD-00795697,Working - Contacted,2026-09-09T12:43:47.000+0000
00QjX0000005sr4UAA,https://business-data-62022.lightning.force.com/lightning/r/Lead/00QjX0000005sr4UAA/view,Jessica,Nkosi,[Individual Applicant],jessica.nkosi181@gmail.com,New,RY-LEAD-00796015,Qualified,2026-09-09T12:45:05.000+0000
00QjX0000005xFbUAI,https://business-data-62022.lightning.force.com/lightning/r/Lead/00QjX0000005xFbUAI/view,Pieter,Smith,[Individual Applicant],pieter_smith25@gmail.com,New,RY-LEAD-00802151,Working - Contacted,2026-09-09T12:41:29.000+0000
00QjX0000005yGVUAY,https://business-data-62022.lightning.force.com/lightning/r/Lead/00QjX0000005yGVUAY/view,Ashwin,Nkosi,[Individual Applicant],ashwin.nkosi120@gmail.com,New,RY-LEAD-00808130,Qualified,2026-09-09T12:46:46.000+0000
00QjX0000005xE1UAI,https://business-data-62022.lightning.force.com/lightning/r/Lead/00QjX0000005xE1UAI/view,Katlego,Jansen,[Individual Applicant],katlego_jansen18@gmail.com,New,RY-LEAD-00809636,Working - Contacted,2026-09-09T12:40:38.000+0000
00QjX0000005wl6UAA,https://business-data-62022.lightning.force.com/lightning/r/Lead/00QjX0000005wl6UAA/view,Bongani,Venter,[Individual Applicant],bongani.venter164@hotmail.com,New,RY-LEAD-00810061,Open - Not Contacted,2026-09-09T12:50:54.000+0000
00QjX0000005yOZUAY,https://business-data-62022.lightning.force.com/lightning/r/Lead/00QjX0000005yOZUAY/view,Bongani,Ndlovu,[Individual Applicant],bongani.ndlovu360@icloud.com,New,RY-LEAD-00810731,Open - Not Contacted,2026-09-09T12:48:44.000+0000
00QjX0000005sG1UAI,https://business-data-62022.lightning.force.com/lightning/r/Lead/00QjX0000005sG1UAI/view,Lerato,Petersen,[Individual Applicant],lerato.petersen2@gmail.com,New,RY-LEAD-00811655,Converted,2026-09-09T12:48:58.000+0000
00QjX0000005u3GUAQ,https://business-data-62022.lightning.force.com/lightning/r/Lead/00QjX0000005u3GUAQ/view,Ayanda,Molefe,[Individual Applicant],ayanda.molefe288@gmail.com,New,RY-LEAD-00817925,Nurture,2026-09-09T12:48:15.000+0000
00QjX0000005uklUAA,https://business-data-62022.lightning.force.com/lightning/r/Lead/00QjX0000005uklUAA/view,Nomsa,Mabaso,[Individual Applicant],nomsa.mabaso227@outlook.com,New,RY-LEAD-00820557,Converted,2026-09-09T12:46:35.000+0000
00QjX0000005sFzUAI,https://business-data-62022.lightning.force.com/lightning/r/Lead/00QjX0000005sFzUAI/view,Mandla,Williams,[Individual Applicant],mandla_williams25@gmail.com,New,RY-LEAD-00824930,Nurture,2026-09-09T12:48:40.000+0000
00QjX0000005yEsUAI,https://business-data-62022.lightning.force.com/lightning/r/Lead/00QjX0000005yEsUAI/view,Bongani,Sibiya,[Individual Applicant],bongani.sibiya240@gmail.com,New,RY-LEAD-00827612,Working - Contacted,2026-09-09T12:45:31.000+0000
00QjX0000005vnHUAQ,https://business-data-62022.lightning.force.com/lightning/r/Lead/00QjX0000005vnHUAQ/view,Zanele,Maseko,[Individual Applicant],zanele.maseko233@gmail.com,New,RY-LEAD-00827636,Working - Contacted,2026-09-09T12:52:29.000+0000
00QjX0000005yErUAI,https://business-data-62022.lightning.force.com/lightning/r/Lead/00QjX0000005yErUAI/view,ROCHE,Moodley,[Individual Applicant],rochemoodley17@gmail.com,New,RY-LEAD-00838378,Open - Not Contacted,2026-09-09T12:39:56.000+0000
00QjX0000005vNUUAY,https://business-data-62022.lightning.force.com/lightning/r/Lead/00QjX0000005vNUUAY/view,Hendrik,Mokoena,[Individual Applicant],hendrik.mokoena162@yahoo.com,New,RY-LEAD-00838699,Working - Contacted,2026-09-09T12:49:59.000+0000
00QjX0000005xynUAA,https://business-data-62022.lightning.force.com/lightning/r/Lead/00QjX0000005xynUAA/view,Bongani,Pretorius,[Individual Applicant],bonganipretorius100@gmail.com,New,RY-LEAD-00843139,Working - Contacted,2026-09-09T12:50:23.000+0000
00QjX0000005y5HUAQ,https://business-data-62022.lightning.force.com/lightning/r/Lead/00QjX0000005y5HUAQ/view,Michael,Nkosi,[Individual Applicant],michaelnkosi116@icloud.com,New,RY-LEAD-00849580,Nurture,2026-09-09T12:49:25.000+0000
00QjX0000005wg8UAA,https://business-data-62022.lightning.force.com/lightning/r/Lead/00QjX0000005wg8UAA/view,Naledi,Jansen,[Individual Applicant],naledi.jansen915@hotmail.com,New,RY-LEAD-00851281,Working - Contacted,2026-09-09T12:45:53.000+0000
00QjX0000005tiIUAQ,https://business-data-62022.lightning.force.com/lightning/r/Lead/00QjX0000005tiIUAQ/view,Thandiwe,Nkosi,[Individual Applicant],thandiwe.nkosi382@outlook.com,New,RY-LEAD-00858273,Working - Contacted,2026-09-09T12:41:18.000+0000
00QjX0000005xQsUAI,https://business-data-62022.lightning.force.com/lightning/r/Lead/00QjX0000005xQsUAI/view,Thabo,Sibiya,[Individual Applicant],thabo.sibiya312@gmail.com,New,RY-LEAD-00863680,Working - Contacted,2026-09-09T12:50:33.000+0000
00QjX0000005y8SUAQ,https://business-data-62022.lightning.force.com/lightning/r/Lead/00QjX0000005y8SUAQ/view,Anmarie,Jacobs,[Individual Applicant],anmarie.jacobs82@gmail.com,New,RY-LEAD-00870928,Converted,2026-09-09T12:43:25.000+0000
00QjX0000005vk6UAA,https://business-data-62022.lightning.force.com/lightning/r/Lead/00QjX0000005vk6UAA/view,Dewald,Radebe,[Individual Applicant],dewald.radebe84@gmail.com,New,RY-LEAD-00871518,Working - Contacted,2026-09-09T12:40:27.000+0000
00QjX0000005tSCUAY,https://business-data-62022.lightning.force.com/lightning/r/Lead/00QjX0000005tSCUAY/view,David,Molefe,[Individual Applicant],david.molefe278@mweb.co.za,New,RY-LEAD-00877142,Open - Not Contacted,2026-09-09T12:44:40.000+0000
00QjX0000005ucjUAA,https://business-data-62022.lightning.force.com/lightning/r/Lead/00QjX0000005ucjUAA/view,Mandla,Khumalo,[Individual Applicant],mandlakhumalo133@icloud.com,New,RY-LEAD-00879330,Open - Not Contacted,2026-09-09T12:41:59.000+0000
00QjX0000005uciUAA,https://business-data-62022.lightning.force.com/lightning/r/Lead/00QjX0000005uciUAA/view,Mandla,PILLAY,[Individual Applicant],mandla.pillay220@outlook.com,New,RY-LEAD-00883219,Nurture,2026-09-09T12:41:55.000+0000
00QjX0000005w0EUAQ,https://business-data-62022.lightning.force.com/lightning/r/Lead/00QjX0000005w0EUAQ/view,Naledi,Nyathi,[Individual Applicant],naledi.nyathi189@gmail.com,New,RY-LEAD-00887725,Working - Contacted,2026-09-09T12:47:03.000+0000
00QjX0000005tDdUAI,https://business-data-62022.lightning.force.com/lightning/r/Lead/00QjX0000005tDdUAI/view,Roche,Govender,[Individual Applicant],roche.govender46@gmail.com,New,RY-LEAD-00897969,Working - Contacted,2026-09-09T12:41:51.000+0000
00QjX0000005xoUUAQ,https://business-data-62022.lightning.force.com/lightning/r/Lead/00QjX0000005xoUUAQ/view,Katlego,Zulu,[Individual Applicant],katlego.zulu338@yahoo.com,New,RY-LEAD-00900283,Working - Contacted,2026-09-09T12:44:33.000+0000
00QjX0000005viWUAQ,https://business-data-62022.lightning.force.com/lightning/r/Lead/00QjX0000005viWUAQ/view,Themba,Adams,[Individual Applicant],thembaadams5@mweb.co.za,New,RY-LEAD-00906192,Unqualified,2026-09-09T12:47:52.000+0000
00QjX0000005taDUAQ,https://business-data-62022.lightning.force.com/lightning/r/Lead/00QjX0000005taDUAQ/view,Willem,Steyn,[Individual Applicant],,New,RY-LEAD-00919954,Unqualified,2026-09-09T12:48:59.000+0000
00QjX0000005yl7UAA,https://business-data-62022.lightning.force.com/lightning/r/Lead/00QjX0000005yl7UAA/view,Zanele,Pretorius,[Individual Applicant],zanele.pretorius230@gmail.com,New,RY-LEAD-00921040,Qualified,2026-09-09T12:49:21.000+0000
00QjX0000005y5GUAQ,https://business-data-62022.lightning.force.com/lightning/r/Lead/00QjX0000005y5GUAQ/view,Zanele,Adams,[Individual Applicant],zanele.adams249@gmail.com,New,RY-LEAD-00925111,Working - Contacted,2026-09-09T12:48:31.000+0000
00QjX0000005sxSUAQ,https://business-data-62022.lightning.force.com/lightning/r/Lead/00QjX0000005sxSUAQ/view,Nomsa,Mokoena,[Individual Applicant],nomsa_mokoena80@gmail.com,New,RY-LEAD-00925497,Working - Contacted,2026-09-09T12:40:02.000+0000
00QjX0000005yGUUAY,https://business-data-62022.lightning.force.com/lightning/r/Lead/00QjX0000005yGUUAY/view,Lerato,Radebe,[Individual Applicant],lerato_radebe386@gmail.co.za,New,RY-LEAD-00937106,Converted,2026-09-09T12:46:12.000+0000
00QjX0000005xxCUAQ,https://business-data-62022.lightning.force.com/lightning/r/Lead/00QjX0000005xxCUAQ/view,Sipho,Maseko,[Individual Applicant],siphomaseko349@yahoo.com,New,RY-LEAD-00941529,Working - Contacted,2026-09-09T12:46:22.000+0000
00QjX0000005tTlUAI,https://business-data-62022.lightning.force.com/lightning/r/Lead/00QjX0000005tTlUAI/view,Bongani,Botha,[Individual Applicant],bonganibotha136@gmail.com,New,RY-LEAD-00943853,Nurture,2026-09-09T12:41:13.000+0000
00QjX0000005wxwUAA,https://business-data-62022.lightning.force.com/lightning/r/Lead/00QjX0000005wxwUAA/view,Themba,Venter,[Individual Applicant],themba.venter158@hotmail.com,New,RY-LEAD-00945480,Working - Contacted,2026-09-09T12:51:01.000+0000
00QjX0000005yhwUAA,https://business-data-62022.lightning.force.com/lightning/r/Lead/00QjX0000005yhwUAA/view,Hendrik,Nel,[Individual Applicant],hendriknel37@icloud.com,New,RY-LEAD-00946510,Converted,2026-09-09T12:47:55.000+0000
00QjX0000005xKUUAY,https://business-data-62022.lightning.force.com/lightning/r/Lead/00QjX0000005xKUUAY/view,Tshepo,Jansen,[Individual Applicant],tshepo.jansen880@hotmail.com,New,RY-LEAD-00951573,Open - Not Contacted,2026-09-09T12:48:22.000+0000
00QjX0000005wHuUAI,https://business-data-62022.lightning.force.com/lightning/r/Lead/00QjX0000005wHuUAI/view,Andile,Mokoena,[Individual Applicant],andile.mokoena296@yahoo.com,New,RY-LEAD-00961341,Open - Not Contacted,2026-09-09T12:39:34.000+0000
00QjX0000005wMoUAI,https://business-data-62022.lightning.force.com/lightning/r/Lead/00QjX0000005wMoUAI/view,Naledi,Nel,[Individual Applicant],naledinel85@gmail.com,New,RY-LEAD-00973991,Qualified,2026-09-09T12:46:37.000+0000
00QjX0000005t5cUAA,https://business-data-62022.lightning.force.com/lightning/r/Lead/00QjX0000005t5cUAA/view,Tshepo,Reddy,[Individual Applicant],tsheporeddy84@gmail.com,New,RY-LEAD-00981495,Open - Not Contacted,2026-09-09T12:40:00.000+0000
00QjX0000005vtkUAA,https://business-data-62022.lightning.force.com/lightning/r/Lead/00QjX0000005vtkUAA/view,Riaan,Daniels,[Individual Applicant],riaandaniels46@outlook.com,New,RY-LEAD-00984423,Working - Contacted,2026-09-09T12:45:29.000+0000
00QjX0000005whkUAA,https://business-data-62022.lightning.force.com/lightning/r/Lead/00QjX0000005whkUAA/view,Tshepo,Van Wyk,[Individual Applicant],tshepovanwyk9371@mweb.co.za,New,RY-LEAD-00991265,Nurture,2026-09-09T12:42:37.000+0000
00QjX0000005xylUAA,https://business-data-62022.lightning.force.com/lightning/r/Lead/00QjX0000005xylUAA/view,Yusuf,Mthembu,[Individual Applicant],yusufmthembu75@mweb.co.za,New,RY-LEAD-00998752,Unqualified,2026-09-09T12:47:08.000+0000
00QjX0000005uzKUAQ,https://business-data-62022.lightning.force.com/lightning/r/Lead/00QjX0000005uzKUAQ/view,Jessica,Zulu,[Individual Applicant],jessicazulu70@outlook.com,New,RY-LEAD-01000796,Converted,2026-09-09T12:44:56.000+0000
00QjX0000005wcxUAA,https://business-data-62022.lightning.force.com/lightning/r/Lead/00QjX0000005wcxUAA/view,Ayanda,Nortje,[Individual Applicant],ayanda.nortje135@gmail.com,New,RY-LEAD-01001183,Working - Contacted,2026-09-09T12:39:31.000+0000
00QjX0000005yBgUAI,https://business-data-62022.lightning.force.com/lightning/r/Lead/00QjX0000005yBgUAI/view,Daniel,Adams,[Individual Applicant],danieladams63@outlook.com,New,RY-LEAD-01005682,Open - Not Contacted,2026-09-09T12:51:56.000+0000
00QjX0000005w6dUAA,https://business-data-62022.lightning.force.com/lightning/r/Lead/00QjX0000005w6dUAA/view,Lindiwe,Steyn,[Individual Applicant],lindiwe.steyn175@gmail.com,New,RY-LEAD-01006452,Working - Contacted,2026-09-09T12:46:28.000+0000
00QjX0000005voxUAA,https://business-data-62022.lightning.force.com/lightning/r/Lead/00QjX0000005voxUAA/view,pieter,Smith,[Individual Applicant],pieter.smith609@webmail.co.za,New,RY-LEAD-01007073,Qualified,2026-09-09T12:47:40.000+0000
00QjX0000005xx8UAA,https://business-data-62022.lightning.force.com/lightning/r/Lead/00QjX0000005xx8UAA/view,Kirsten,Mahlangu,[Individual Applicant],kirsten.mahlangu701@gmail.com,New,RY-LEAD-01013327,Open - Not Contacted,2026-09-09T12:42:18.000+0000
00QjX0000005yTPUAY,https://business-data-62022.lightning.force.com/lightning/r/Lead/00QjX0000005yTPUAY/view,Lwazi,Fourie,[Individual Applicant],lwazifourie48@gmail.com,New,RY-LEAD-01024789,Open - Not Contacted,2026-09-09T12:49:19.000+0000
00QjX0000005vQiUAI,https://business-data-62022.lightning.force.com/lightning/r/Lead/00QjX0000005vQiUAI/view,Ayanda,Ndlovu,[Individual Applicant],ayanda.ndlovu450@gmail.com,New,RY-LEAD-01024808,Working - Contacted,2026-09-09T12:51:26.000+0000
00QjX0000005sZLUAY,https://business-data-62022.lightning.force.com/lightning/r/Lead/00QjX0000005sZLUAY/view,Refilwe,Nkosi,[Individual Applicant],refilwe.nkosi362@gmail.com,New,RY-LEAD-01026702,Nurture,2026-09-09T12:46:56.000+0000
00QjX0000005wjNUAQ,https://business-data-62022.lightning.force.com/lightning/r/Lead/00QjX0000005wjNUAQ/view,Mandla,Nel,[Individual Applicant],mandlanel98@outlook.com,New,RY-LEAD-01026857,Qualified,2026-09-09T12:45:51.000+0000
00QjX0000005wxuUAA,https://business-data-62022.lightning.force.com/lightning/r/Lead/00QjX0000005wxuUAA/view,Yusuf,Mokoena,[Individual Applicant],yusufmokoena77@gmail.com,New,RY-LEAD-01030573,Unqualified,2026-09-09T12:44:07.000+0000
00QjX0000005tGsUAI,https://business-data-62022.lightning.force.com/lightning/r/Lead/00QjX0000005tGsUAI/view,Ilse,Van Wyk,[Individual Applicant],ilsevanwyk26@icloud.com,New,RY-LEAD-01034363,Nurture,2026-09-09T12:43:27.000+0000
00QjX0000005trzUAA,https://business-data-62022.lightning.force.com/lightning/r/Lead/00QjX0000005trzUAA/view,Ayanda,Nkosi,[Individual Applicant],ayanda.nkosi509@hotmail.com,New,RY-LEAD-01035503,Nurture,2026-09-09T12:45:43.000+0000
00QjX0000005wTGUAY,https://business-data-62022.lightning.force.com/lightning/r/Lead/00QjX0000005wTGUAY/view,Tariq,Pillay,[Individual Applicant],tariq.pillay80@outlook.com,New,RY-LEAD-01045804,Working - Contacted,2026-09-09T12:39:51.000+0000
00QjX0000005yEuUAI,https://business-data-62022.lightning.force.com/lightning/r/Lead/00QjX0000005yEuUAI/view,Sibusiso,Naidoo,[Individual Applicant],sibusiso.naidoo54@gmail.com,New,RY-LEAD-01052261,Open - Not Contacted,2026-09-09T12:46:04.000+0000
00QjX0000005ueKUAQ,https://business-data-62022.lightning.force.com/lightning/r/Lead/00QjX0000005ueKUAQ/view,Megan,Nkosi,[Individual Applicant],megan.nkosi238@yahoo.com,New,RY-LEAD-01054848,Converted,2026-09-09T12:41:49.000+0000
00QjX0000005sfkUAA,https://business-data-62022.lightning.force.com/lightning/r/Lead/00QjX0000005sfkUAA/view,Fatima,fourie,[Individual Applicant],fatima.fourie92@webmail.co.za,New,RY-LEAD-01061308,Qualified,2026-09-09T12:51:12.000+0000
00QjX0000005wUtUAI,https://business-data-62022.lightning.force.com/lightning/r/Lead/00QjX0000005wUtUAI/view,Tshepo,Radebe,[Individual Applicant],tsheporadebe824@yahoo.com,New,RY-LEAD-01062027,Nurture,2026-09-09T12:49:13.000+0000
00QjX0000005v49UAA,https://business-data-62022.lightning.force.com/lightning/r/Lead/00QjX0000005v49UAA/view,Refilwe,PRETORIUS,[Individual Applicant],refilwe.pretorius790@gmail.com,New,RY-LEAD-01062561,Open - Not Contacted,2026-09-09T12:48:46.000+0000
00QjX0000005t0iUAA,https://business-data-62022.lightning.force.com/lightning/r/Lead/00QjX0000005t0iUAA/view,Thandiwe,Molefe,[Individual Applicant],thandiwe.molefe887@outlook.com,New,RY-LEAD-01063157,Working - Contacted,2026-09-09T12:48:27.000+0000
00QjX0000005v5nUAA,https://business-data-62022.lightning.force.com/lightning/r/Lead/00QjX0000005v5nUAA/view,David,Jansen,[Individual Applicant],david_jansen452@gmail.com,New,RY-LEAD-01064256,Converted,2026-09-09T12:42:12.000+0000
00QjX0000005vNSUAY,https://business-data-62022.lightning.force.com/lightning/r/Lead/00QjX0000005vNSUAY/view,Kirsten,Pretorius,[Individual Applicant],kirsten_pretorius281@icloud.com,New,RY-LEAD-01066337,Converted,2026-09-09T12:41:36.000+0000
00QjX0000005sJGUAY,https://business-data-62022.lightning.force.com/lightning/r/Lead/00QjX0000005sJGUAY/view,Lindiwe,Nkosi,[Individual Applicant],lindiwe_nkosi60@hotmail.com,New,RY-LEAD-01069791,Open - Not Contacted,2026-09-09T12:39:24.000+0000
00QjX0000005yTNUAY,https://business-data-62022.lightning.force.com/lightning/r/Lead/00QjX0000005yTNUAY/view,Nokuthula,Pretorius,[Individual Applicant],nokuthula.pretorius470@gmail.com,New,RY-LEAD-01069927,Unqualified,2026-09-09T12:42:21.000+0000
00QjX0000005vCDUAY,https://business-data-62022.lightning.force.com/lightning/r/Lead/00QjX0000005vCDUAY/view,Hendrik,Nkosi,[Individual Applicant],hendrik_nkosi972@telkomsa.net,New,RY-LEAD-01070931,Converted,2026-09-09T12:49:45.000+0000
00QjX0000005tBzUAI,https://business-data-62022.lightning.force.com/lightning/r/Lead/00QjX0000005tBzUAI/view,Lwazi,jacobs,[Individual Applicant],lwazi.jacobs159@vodamail.co.za,New,RY-LEAD-01083245,Working - Contacted,2026-09-09T12:44:28.000+0000
00QjX0000005xPIUAY,https://business-data-62022.lightning.force.com/lightning/r/Lead/00QjX0000005xPIUAY/view,Fatima,Mabaso,[Individual Applicant],fatimamabaso38@gmail.com,New,RY-LEAD-01084236,Converted,2026-09-09T12:47:10.000+0000
00QjX0000005yd3UAA,https://business-data-62022.lightning.force.com/lightning/r/Lead/00QjX0000005yd3UAA/view,Nokuthula,Nyathi,[Individual Applicant],nokuthula.nyathi440@gmail.com,New,RY-LEAD-01091620,Qualified,2026-09-09T12:45:38.000+0000
00QjX0000005uclUAA,https://business-data-62022.lightning.force.com/lightning/r/Lead/00QjX0000005uclUAA/view,Palesa,Williams,[Individual Applicant],palesa.williams232@gmail.com,New,RY-LEAD-01093060,Nurture,2026-09-09T12:42:08.000+0000
00QjX0000005yZtUAI,https://business-data-62022.lightning.force.com/lightning/r/Lead/00QjX0000005yZtUAI/view,Tshepo,Adams,[Individual Applicant],tshepo.adams430@hotmail.com,New,RY-LEAD-01094148,Working - Contacted,2026-09-09T12:47:26.000+0000
00QjX0000005uxkUAA,https://business-data-62022.lightning.force.com/lightning/r/Lead/00QjX0000005uxkUAA/view,Kyle,Nkosi,[Individual Applicant],kyle.nkosi188@webmail.co.za,New,RY-LEAD-01107509,Open - Not Contacted,2026-09-09T12:49:52.000+0000
00QjX0000005wTKUAY,https://business-data-62022.lightning.force.com/lightning/r/Lead/00QjX0000005wTKUAY/view,Naledi,Ndlovu,[Individual Applicant],naledindlovu53@outlook.com,New,RY-LEAD-01107918,Converted,2026-09-09T12:46:09.000+0000
00QjX0000005y5IUAQ,https://business-data-62022.lightning.force.com/lightning/r/Lead/00QjX0000005y5IUAQ/view,Aisha,Van Wyk,[Individual Applicant],aishavanwyk39@gmail.com,New,RY-LEAD-01109679,Open - Not Contacted,2026-09-09T12:49:54.000+0000
00QjX0000005yRpUAI,https://business-data-62022.lightning.force.com/lightning/r/Lead/00QjX0000005yRpUAI/view,Thabo,Reddy,[Individual Applicant],thabo.reddy321@gmail.com,New,RY-LEAD-01110306,Open - Not Contacted,2026-09-09T12:44:24.000+0000
00QjX0000005vYlUAI,https://business-data-62022.lightning.force.com/lightning/r/Lead/00QjX0000005vYlUAI/view,James,Damons,[Individual Applicant],james.damons496@gmail.com,New,RY-LEAD-01110491,Converted,2026-09-09T12:39:45.000+0000
00QjX0000005sxTUAQ,https://business-data-62022.lightning.force.com/lightning/r/Lead/00QjX0000005sxTUAQ/view,Johan,Williams,[Individual Applicant],johan.williams337@webmail.co.za,New,RY-LEAD-01116432,Nurture,2026-09-09T12:45:34.000+0000
00QjX0000005vc3UAA,https://business-data-62022.lightning.force.com/lightning/r/Lead/00QjX0000005vc3UAA/view,Naledi,Pillay,[Individual Applicant],naledipillay119@hotmail.com,New,RY-LEAD-01119442,Working - Contacted,2026-09-09T12:50:48.000+0000
00QjX0000005uEaUAI,https://business-data-62022.lightning.force.com/lightning/r/Lead/00QjX0000005uEaUAI/view,Lerato,Smith,[Individual Applicant],lerato.smith331@outlook.com,New,RY-LEAD-01122040,Nurture,2026-09-09T12:49:46.000+0000
00QjX0000005yoLUAQ,https://business-data-62022.lightning.force.com/lightning/r/Lead/00QjX0000005yoLUAQ/view,Zanele,Jacobs,[Individual Applicant],zanele.jacobs286@vodamail.co.za,New,RY-LEAD-01124633,Nurture,2026-09-09T12:50:24.000+0000
00QjX0000005xvXUAQ,https://business-data-62022.lightning.force.com/lightning/r/Lead/00QjX0000005xvXUAQ/view,Zaid,Dlamini,[Individual Applicant],zaid.dlamini125@gmail.com,New,RY-LEAD-01125068,Converted,2026-09-09T12:50:11.000+0000
00QjX0000005vNTUAY,https://business-data-62022.lightning.force.com/lightning/r/Lead/00QjX0000005vNTUAY/view,Roche,Pillay,[Individual Applicant],,New,RY-LEAD-01125706,Working - Contacted,2026-09-09T12:46:42.000+0000
00QjX0000005y5CUAQ,https://business-data-62022.lightning.force.com/lightning/r/Lead/00QjX0000005y5CUAQ/view,James,Damons,[Individual Applicant],james.damons114@gmail.com,New,RY-LEAD-01126722,Working - Contacted,2026-09-09T12:40:10.000+0000
00QjX0000005snuUAA,https://business-data-62022.lightning.force.com/lightning/r/Lead/00QjX0000005snuUAA/view,Mandla,Nyathi,[Individual Applicant],mandla.nyathi684@outlook.com,New,RY-LEAD-01127332,Nurture,2026-09-09T12:40:53.000+0000
00QjX0000005uEcUAI,https://business-data-62022.lightning.force.com/lightning/r/Lead/00QjX0000005uEcUAI/view,Willem,Steyn,[Individual Applicant],willem.steyn120@gmail.com,New,RY-LEAD-01127747,Working - Contacted,2026-09-09T12:50:17.000+0000
00QjX0000005xaZUAQ,https://business-data-62022.lightning.force.com/lightning/r/Lead/00QjX0000005xaZUAQ/view,Nomsa,Dlamini,[Individual Applicant],nomsa.dlamini284@gmail.com,New,RY-LEAD-01134593,Working - Contacted,2026-09-09T12:43:59.000+0000
00QjX0000005yOYUAY,https://business-data-62022.lightning.force.com/lightning/r/Lead/00QjX0000005yOYUAY/view,Thabo,Sithole,[Individual Applicant],thabosithole245@gmail.com,New,RY-LEAD-01135184,Qualified,2026-09-09T12:42:48.000+0000
00QjX0000005vQgUAI,https://business-data-62022.lightning.force.com/lightning/r/Lead/00QjX0000005vQgUAI/view,Johan,Petersen,[Individual Applicant],johan.petersen186@gmail.com,New,RY-LEAD-01138090,Unqualified,2026-09-09T12:42:06.000+0000
00QjX0000005yQAUAY,https://business-data-62022.lightning.force.com/lightning/r/Lead/00QjX0000005yQAUAY/view,David,Van Wyk,[Individual Applicant],davidvanwyk31@gmail.com,New,RY-LEAD-01143783,Open - Not Contacted,2026-09-09T12:42:24.000+0000
00QjX0000005xE6UAI,https://business-data-62022.lightning.force.com/lightning/r/Lead/00QjX0000005xE6UAI/view,Tarryn,Sithole,[Individual Applicant],tarrynsithole456@gmail.com,New,RY-LEAD-01144714,Open - Not Contacted,2026-09-09T12:52:22.000+0000
00QjX0000005v5pUAA,https://business-data-62022.lightning.force.com/lightning/r/Lead/00QjX0000005v5pUAA/view,Jessica,Van Wyk,[Individual Applicant],jessica_vanwyk244@gmail.com,New,RY-LEAD-01144761,Qualified,2026-09-09T12:48:48.000+0000
00QjX0000005yLKUAY,https://business-data-62022.lightning.force.com/lightning/r/Lead/00QjX0000005yLKUAY/view,Lindiwe,RADEBE,[Individual Applicant],lindiwe.radebe286@outlook.com,New,RY-LEAD-01145243,Working - Contacted,2026-09-09T12:42:14.000+0000
00QjX0000005xxBUAQ,https://business-data-62022.lightning.force.com/lightning/r/Lead/00QjX0000005xxBUAQ/view,Sibusiso,Reddy,[Individual Applicant],sibusisoreddy95@gmail.com,New,RY-LEAD-01150350,Qualified,2026-09-09T12:46:21.000+0000
00QjX0000005tf0UAA,https://business-data-62022.lightning.force.com/lightning/r/Lead/00QjX0000005tf0UAA/view,REFILWE,Dlamini,[Individual Applicant],refilwe.dlamini222@gmail.com,New,RY-LEAD-01161535,Working - Contacted,2026-09-09T12:47:59.000+0000
00QjX0000005wWRUAY,https://business-data-62022.lightning.force.com/lightning/r/Lead/00QjX0000005wWRUAY/view,Lwazi,Khumalo,[Individual Applicant],lwazikhumalo130@gmail.com,New,RY-LEAD-01162507,Working - Contacted,2026-09-09T12:50:21.000+0000
00QjX0000005sflUAA,https://business-data-62022.lightning.force.com/lightning/r/Lead/00QjX0000005sflUAA/view,Sipho,Botha,[Individual Applicant],sipho.botha430@webmail.co.za,New,RY-LEAD-01162778,Qualified,2026-09-09T12:51:19.000+0000
00QjX0000005w0DUAQ,https://business-data-62022.lightning.force.com/lightning/r/Lead/00QjX0000005w0DUAQ/view,Riaan,Nkosi,[Individual Applicant],riaannkosi76@gmail.com,New,RY-LEAD-01164934,Working - Contacted,2026-09-09T12:39:48.000+0000
00QjX0000005yZrUAI,https://business-data-62022.lightning.force.com/lightning/r/Lead/00QjX0000005yZrUAI/view,Mandla,Khumalo,[Individual Applicant],mandla_khumalo70@gmail.com,New,RY-LEAD-01166692,Qualified,2026-09-09T12:46:05.000+0000
00QjX0000005xU7UAI,https://business-data-62022.lightning.force.com/lightning/r/Lead/00QjX0000005xU7UAI/view,Sibusiso,Nyathi,[Individual Applicant],sibusiso.nyathi236@icloud.com,New,RY-LEAD-01168050,Nurture,2026-09-09T12:44:31.000+0000
00QjX0000005yV0UAI,https://business-data-62022.lightning.force.com/lightning/r/Lead/00QjX0000005yV0UAI/view,Palesa,Mokoena,[Individual Applicant],palesamokoena196@gmail.com,New,RY-LEAD-01172797,Open - Not Contacted,2026-09-09T12:46:44.000+0000
00QjX0000005yA1UAI,https://business-data-62022.lightning.force.com/lightning/r/Lead/00QjX0000005yA1UAI/view,Tshepo,Sithole,[Individual Applicant],tshepo.sithole393@webmail.co.za,New,RY-LEAD-01177043,Qualified,2026-09-09T12:39:27.000+0000
00QjX0000005x2iUAA,https://business-data-62022.lightning.force.com/lightning/r/Lead/00QjX0000005x2iUAA/view,Emma,Mokoena,[Individual Applicant],emma.mokoena297@gmail.com,New,RY-LEAD-01177233,Nurture,2026-09-09T12:43:20.000+0000
00QjX0000005xE2UAI,https://business-data-62022.lightning.force.com/lightning/r/Lead/00QjX0000005xE2UAI/view,Sibusiso,Jacobs,[Individual Applicant],sibusiso_jacobs37@gmail.com,New,RY-LEAD-01178391,Open - Not Contacted,2026-09-09T12:44:26.000+0000
00QjX0000005vYmUAI,https://business-data-62022.lightning.force.com/lightning/r/Lead/00QjX0000005vYmUAI/view,Mandla,Van Wyk,[Individual Applicant],mandla.vanwyk4941@gmail.com,New,RY-LEAD-01183894,Open - Not Contacted,2026-09-09T12:43:44.000+0000
00QjX0000005vQjUAI,https://business-data-62022.lightning.force.com/lightning/r/Lead/00QjX0000005vQjUAI/view,Willem,Smith,[Individual Applicant],willemsmith46@gmail.com,New,RY-LEAD-01184160,Unqualified,2026-09-09T12:51:35.000+0000
00QjX0000005xypUAA,https://business-data-62022.lightning.force.com/lightning/r/Lead/00QjX0000005xypUAA/view,David,Khumalo,[Individual Applicant],david.khumalo261@gmail.com,New,RY-LEAD-01188496,Qualified,2026-09-09T12:51:21.000+0000
00QjX0000005tC0UAI,https://business-data-62022.lightning.force.com/lightning/r/Lead/00QjX0000005tC0UAI/view,Megan,Steyn,[Individual Applicant],megan.steyn123@gmail.com,New,RY-LEAD-01195555,Working - Contacted,2026-09-09T12:48:05.000+0000
00QjX0000005yRsUAI,https://business-data-62022.lightning.force.com/lightning/r/Lead/00QjX0000005yRsUAI/view,Shireen,Du Plessis,[Individual Applicant],shireen_duplessis10@gmail.com,New,RY-LEAD-01225812,Working - Contacted,2026-09-09T12:50:30.000+0000
00QjX0000005x7fUAA,https://business-data-62022.lightning.force.com/lightning/r/Lead/00QjX0000005x7fUAA/view,PIETER,Nel,[Individual Applicant],pieternel101@gmail.com,New,RY-LEAD-01229156,Working - Contacted,2026-09-09T12:50:40.000+0000
00QjX0000005wUvUAI,https://business-data-62022.lightning.force.com/lightning/r/Lead/00QjX0000005wUvUAI/view,Kirsten,Sithole,[Individual Applicant],kirstensithole75@outlook.com,New,RY-LEAD-01232266,Converted,2026-09-09T12:51:41.000+0000
00QjX0000005yYEUAY,https://business-data-62022.lightning.force.com/lightning/r/Lead/00QjX0000005yYEUAY/view,Tariq,Sithole,[Individual Applicant],tariq.sithole579@gmail.com,New,RY-LEAD-01238804,Nurture,2026-09-09T12:46:15.000+0000
00QjX0000005yRoUAI,https://business-data-62022.lightning.force.com/lightning/r/Lead/00QjX0000005yRoUAI/view,Chad,Venter,[Individual Applicant],chadventer381@gmail.com,New,RY-LEAD-01242943,Working - Contacted,2026-09-09T12:44:23.000+0000
00QjX0000005yRtUAI,https://business-data-62022.lightning.force.com/lightning/r/Lead/00QjX0000005yRtUAI/view,Emma,Mthembu,[Individual Applicant],emma.mthembu169@gmail.com,New,RY-LEAD-01246103,Working - Contacted,2026-09-09T12:50:46.000+0000
00QjX0000005xtvUAA,https://business-data-62022.lightning.force.com/lightning/r/Lead/00QjX0000005xtvUAA/view,Busisiwe,Dlamini,[Individual Applicant],busisiwedlamini188@gmail.com,New,RY-LEAD-01246300,Converted,2026-09-09T12:51:32.000+0000
00QjX0000005xE5UAI,https://business-data-62022.lightning.force.com/lightning/r/Lead/00QjX0000005xE5UAI/view,Willem,Govender,[Individual Applicant],willemgovender76@yahoo.com,New,RY-LEAD-01246946,Qualified,2026-09-09T12:45:16.000+0000
00QjX0000005xHEUAY,https://business-data-62022.lightning.force.com/lightning/r/Lead/00QjX0000005xHEUAY/view,Nkosinathi,radebe,[Individual Applicant],nkosinathi.radebe218@gmail.com,New,RY-LEAD-01248137,Open - Not Contacted,2026-09-09T12:39:29.000+0000
00QjX0000005sfjUAA,https://business-data-62022.lightning.force.com/lightning/r/Lead/00QjX0000005sfjUAA/view,Refilwe,Sithole,[Individual Applicant],refilwe.sithole616@gmail.com,New,RY-LEAD-01248313,Open - Not Contacted,2026-09-09T12:44:47.000+0000
00QjX0000005uJMUAY,https://business-data-62022.lightning.force.com/lightning/r/Lead/00QjX0000005uJMUAY/view,Elmarie,Maseko,[Individual Applicant],elmarie.maseko724@outlook.com,New,RY-LEAD-01256723,Converted,2026-09-09T12:49:10.000+0000
00QjX0000005vYkUAI,https://business-data-62022.lightning.force.com/lightning/r/Lead/00QjX0000005vYkUAI/view,KYLE,Mokoena,[Individual Applicant],kyle.mokoena175@gmail.com,New,RY-LEAD-01259687,Nurture,2026-09-09T12:39:39.000+0000
00QjX0000005xU8UAI,https://business-data-62022.lightning.force.com/lightning/r/Lead/00QjX0000005xU8UAI/view,Bongani,Nyathi,[Individual Applicant],bongani.nyathi307@icloud.com,New,RY-LEAD-01260061,Working - Contacted,2026-09-09T12:44:59.000+0000
00QjX0000005y5FUAQ,https://business-data-62022.lightning.force.com/lightning/r/Lead/00QjX0000005y5FUAQ/view,Sipho,Hendricks,[Individual Applicant],sipho.hendricks601@yahoo.com,New,RY-LEAD-01261220,Unqualified,2026-09-09T12:48:19.000+0000
00QjX0000005wcyUAA,https://business-data-62022.lightning.force.com/lightning/r/Lead/00QjX0000005wcyUAA/view,James,Ndlovu,[Individual Applicant],jamesndlovu123@gmail.com,New,RY-LEAD-01262028,Qualified,2026-09-09T12:46:14.000+0000
00QjX0000005whlUAA,https://business-data-62022.lightning.force.com/lightning/r/Lead/00QjX0000005whlUAA/view,Aisha,Ndlovu,[Individual Applicant],aisha_ndlovu38@outlook.com,New,RY-LEAD-01264619,Unqualified,2026-09-09T12:42:51.000+0000
00QjX0000005vsAUAQ,https://business-data-62022.lightning.force.com/lightning/r/Lead/00QjX0000005vsAUAQ/view,Sipho,Molefe,[Individual Applicant],sipho.molefe469@gmail.com,New,RY-LEAD-01273796,Nurture,2026-09-09T12:40:42.000+0000
00QjX0000005t0jUAA,https://business-data-62022.lightning.force.com/lightning/r/Lead/00QjX0000005t0jUAA/view,Chad,Fourie,[Individual Applicant],chad_fourie10@outlook.com,New,RY-LEAD-01273864,Nurture,2026-09-09T12:51:53.000+0000
00QjX0000005u04UAA,https://business-data-62022.lightning.force.com/lightning/r/Lead/00QjX0000005u04UAA/view,Tarryn,Daniels,[Individual Applicant],tarryn.daniels87@outlook.com,New,RY-LEAD-01280597,Unqualified,2026-09-09T12:42:04.000+0000
00QjX0000005vs8UAA,https://business-data-62022.lightning.force.com/lightning/r/Lead/00QjX0000005vs8UAA/view,Chantelle,Nel,[Individual Applicant],chantelle.nel146@gmail.com,New,RY-LEAD-01291506,Open - Not Contacted,2026-09-09T12:40:36.000+0000
00QjX0000005vIcUAI,https://business-data-62022.lightning.force.com/lightning/r/Lead/00QjX0000005vIcUAI/view,Refilwe,Moodley,[Individual Applicant],refilwe.moodley215@yahoo.com,New,RY-LEAD-01294688,Converted,2026-09-09T12:43:41.000+0000
00QjX0000005xKSUAY,https://business-data-62022.lightning.force.com/lightning/r/Lead/00QjX0000005xKSUAY/view,Lerato,Molefe,[Individual Applicant],lerato.molefe473@gmail.com,New,RY-LEAD-01295728,Qualified,2026-09-09T12:43:36.000+0000
00QjX0000005xKRUAY,https://business-data-62022.lightning.force.com/lightning/r/Lead/00QjX0000005xKRUAY/view,Elmarie,Van Wyk,[Individual Applicant],elmarie.vanwyk130@gmail.com,New,RY-LEAD-01296648,Open - Not Contacted,2026-09-09T12:42:39.000+0000
00QjX0000005uxjUAA,https://business-data-62022.lightning.force.com/lightning/r/Lead/00QjX0000005uxjUAA/view,Lerato,Maseko,[Individual Applicant],lerato.maseko348@icloud.com,New,RY-LEAD-01300233,Qualified,2026-09-09T12:48:11.000+0000
00QjX0000005v48UAA,https://business-data-62022.lightning.force.com/lightning/r/Lead/00QjX0000005v48UAA/view,Nomsa,Coetzee,[Individual Applicant],nomsa.coetzee345@gmail.com,New,RY-LEAD-01300324,Working - Contacted,2026-09-09T12:48:42.000+0000
00QjX0000005yhtUAA,https://business-data-62022.lightning.force.com/lightning/r/Lead/00QjX0000005yhtUAA/view,Kyle,Du Plessis,[Individual Applicant],kyleduplessis4661@gmail.com,New,RY-LEAD-01304964,Qualified,2026-09-09T12:47:43.000+0000
00QjX0000005sXiUAI,https://business-data-62022.lightning.force.com/lightning/r/Lead/00QjX0000005sXiUAI/view,Jessica,DAMONS,[Individual Applicant],jessica.damons93@hotmail.com,New,RY-LEAD-01308457,Nurture,2026-09-09T12:46:30.000+0000
00QjX0000005x2jUAA,https://business-data-62022.lightning.force.com/lightning/r/Lead/00QjX0000005x2jUAA/view,LWAZI,Pillay,[Individual Applicant],,New,RY-LEAD-01309938,Qualified,2026-09-09T12:52:17.000+0000
00QjX0000005yd4UAA,https://business-data-62022.lightning.force.com/lightning/r/Lead/00QjX0000005yd4UAA/view,Lwazi,Sibiya,[Individual Applicant],lwazi.sibiya436@gmail.com,New,RY-LEAD-01310364,Working - Contacted,2026-09-09T12:45:41.000+0000
00QjX0000005umSUAQ,https://business-data-62022.lightning.force.com/lightning/r/Lead/00QjX0000005umSUAQ/view,Refilwe,Naidoo,[Individual Applicant],refilwe.naidoo310@icloud.com,New,RY-LEAD-01320559,Converted,2026-09-09T12:50:05.000+0000
00QjX0000005tASUAY,https://business-data-62022.lightning.force.com/lightning/r/Lead/00QjX0000005tASUAY/view,Thandiwe,Mthembu,[Individual Applicant],thandiwe.mthembu401@gmail.com,New,RY-LEAD-01321265,Unqualified,2026-09-09T12:40:19.000+0000
00QjX0000005vqVUAQ,https://business-data-62022.lightning.force.com/lightning/r/Lead/00QjX0000005vqVUAQ/view,Naledi,Williams,[Individual Applicant],nalediwilliams115@hotmail.com,New,RY-LEAD-01331368,Qualified,2026-09-09T12:50:28.000+0000
00QjX0000005viYUAQ,https://business-data-62022.lightning.force.com/lightning/r/Lead/00QjX0000005viYUAQ/view,Kyle,Coetzee,[Individual Applicant],kylecoetzee39@gmail.com,New,RY-LEAD-01337095,Nurture,2026-09-09T12:51:05.000+0000
00QjX0000005xxDUAQ,https://business-data-62022.lightning.force.com/lightning/r/Lead/00QjX0000005xxDUAQ/view,Ayanda,Sithole,[Individual Applicant],ayanda.sithole498@gmail.co.za,New,RY-LEAD-01342499,Nurture,2026-09-09T12:46:48.000+0000
00QjX0000005wkzUAA,https://business-data-62022.lightning.force.com/lightning/r/Lead/00QjX0000005wkzUAA/view,Refilwe,Ndlovu,[Individual Applicant],refilwe.ndlovu993@gmail.com,New,RY-LEAD-01343272,Nurture,2026-09-09T12:41:20.000+0000
00QjX0000005wjMUAQ,https://business-data-62022.lightning.force.com/lightning/r/Lead/00QjX0000005wjMUAQ/view,Naledi,Venter,[Individual Applicant],naledi_venter43@hotmail.com,New,RY-LEAD-01348666,Open - Not Contacted,2026-09-09T12:44:43.000+0000
00QjX0000005wTIUAY,https://business-data-62022.lightning.force.com/lightning/r/Lead/00QjX0000005wTIUAY/view,Busisiwe,Pillay,[Individual Applicant],busisiwe_pillay35@gmail.com,New,RY-LEAD-01353143,Working - Contacted,2026-09-09T12:43:53.000+0000
00QjX0000005wUuUAI,https://business-data-62022.lightning.force.com/lightning/r/Lead/00QjX0000005wUuUAI/view,Lerato,Pretorius,[Individual Applicant],leratopretorius230@gmail.com,New,RY-LEAD-01367954,Open - Not Contacted,2026-09-09T12:49:57.000+0000
00QjX0000005yQDUAY,https://business-data-62022.lightning.force.com/lightning/r/Lead/00QjX0000005yQDUAY/view,Priya,Fortuin,[Individual Applicant],priya_fortuin20@gmail.com,New,RY-LEAD-01372043,Working - Contacted,2026-09-09T12:45:09.000+0000
00QjX0000005wrQUAQ,https://business-data-62022.lightning.force.com/lightning/r/Lead/00QjX0000005wrQUAQ/view,Naledi,Mahlangu,[Individual Applicant],naledi.mahlangu390@live.co.za,New,RY-LEAD-01383003,Working - Contacted,2026-09-09T12:45:04.000+0000
00QjX0000005wMrUAI,https://business-data-62022.lightning.force.com/lightning/r/Lead/00QjX0000005wMrUAI/view,Lerato,Mahlangu,[Individual Applicant],lerato.mahlangu872@gmail.com,New,RY-LEAD-01383944,Nurture,2026-09-09T12:51:57.000+0000
00QjX0000005wl0UAA,https://business-data-62022.lightning.force.com/lightning/r/Lead/00QjX0000005wl0UAA/view,Palesa,September,[Individual Applicant],palesa.september219@outlook.com,New,RY-LEAD-01393148,Open - Not Contacted,2026-09-09T12:41:22.000+0000
00QjX0000005xtwUAA,https://business-data-62022.lightning.force.com/lightning/r/Lead/00QjX0000005xtwUAA/view,Nomsa,Dlamini,[Individual Applicant],nomsadlamini348@gmail.com,New,RY-LEAD-01395045,Open - Not Contacted,2026-09-09T12:52:00.000+0000
00QjX0000005xyrUAA,https://business-data-62022.lightning.force.com/lightning/r/Lead/00QjX0000005xyrUAA/view,Michael,Du Plessis,[Individual Applicant],michael.duplessis870@gmail.com,New,RY-LEAD-01404185,Working - Contacted,2026-09-09T12:52:10.000+0000
00QjX0000005uJNUAY,https://business-data-62022.lightning.force.com/lightning/r/Lead/00QjX0000005uJNUAY/view,Jessica,Dlamini,[Individual Applicant],jessica.dlamini314@webmail.co.za,New,RY-LEAD-01406572,Converted,2026-09-09T12:52:02.000+0000
00QjX0000005y5DUAQ,https://business-data-62022.lightning.force.com/lightning/r/Lead/00QjX0000005y5DUAQ/view,Kagiso,Daniels,[Individual Applicant],kagiso.daniels271@live.co.za,New,RY-LEAD-01420160,Qualified,2026-09-09T12:42:55.000+0000
00QjX0000005yhvUAA,https://business-data-62022.lightning.force.com/lightning/r/Lead/00QjX0000005yhvUAA/view,Thabo,Mabaso,[Individual Applicant],thabo.mabaso504@gmail.com,New,RY-LEAD-01428889,Working - Contacted,2026-09-09T12:47:49.000+0000
00QjX0000005v8yUAA,https://business-data-62022.lightning.force.com/lightning/r/Lead/00QjX0000005v8yUAA/view,Ayanda,du plessis,[Individual Applicant],ayanda.duplessis442@gmail.com,New,RY-LEAD-01432270,Open - Not Contacted,2026-09-09T12:39:33.000+0000
00QjX0000005wTNUAY,https://business-data-62022.lightning.force.com/lightning/r/Lead/00QjX0000005wTNUAY/view,Tariq,Dlamini,[Individual Applicant],tariq_dlamini31@gmail.com,New,RY-LEAD-01434613,Converted,2026-09-09T12:48:07.000+0000
00QjX0000005sFxUAI,https://business-data-62022.lightning.force.com/lightning/r/Lead/00QjX0000005sFxUAI/view,Busisiwe,Sithole,[Individual Applicant],busisiwe.sithole451@gmail.com,New,RY-LEAD-01434769,Converted,2026-09-09T12:48:24.000+0000
00QjX0000005ufwUAA,https://business-data-62022.lightning.force.com/lightning/r/Lead/00QjX0000005ufwUAA/view,Nkosinathi,Daniels,[Individual Applicant],nkosinathidaniels87@icloud.com,New,RY-LEAD-01441524,Working - Contacted,2026-09-09T12:41:05.000+0000
00QjX0000005tC1UAI,https://business-data-62022.lightning.force.com/lightning/r/Lead/00QjX0000005tC1UAI/view,Daniel,Mthembu,[Individual Applicant],daniel.mthembu216@gmail.com,New,RY-LEAD-01442192,Unqualified,2026-09-09T12:48:13.000+0000
00QjX0000005xx9UAA,https://business-data-62022.lightning.force.com/lightning/r/Lead/00QjX0000005xx9UAA/view,Nokuthula,Damons,[Individual Applicant],nokuthula.damons189@gmail.com,New,RY-LEAD-01445580,Nurture,2026-09-09T12:42:33.000+0000
00QjX0000005vYpUAI,https://business-data-62022.lightning.force.com/lightning/r/Lead/00QjX0000005vYpUAI/view,Willem,Dlamini,[Individual Applicant],willemdlamini704@telkomsa.net,New,RY-LEAD-01451138,Working - Contacted,2026-09-09T12:49:28.000+0000
00QjX0000005ufxUAA,https://business-data-62022.lightning.force.com/lightning/r/Lead/00QjX0000005ufxUAA/view,Nokuthula,Van der Merwe,[Individual Applicant],nokuthula.vandermerwe394@gmail.com,New,RY-LEAD-01452492,Open - Not Contacted,2026-09-09T12:41:16.000+0000
00QjX0000005yQ9UAI,https://business-data-62022.lightning.force.com/lightning/r/Lead/00QjX0000005yQ9UAI/view,Ashwin,Petersen,[Individual Applicant],ashwinpetersen53@gmail.com,New,RY-LEAD-01454214,Unqualified,2026-09-09T12:42:09.000+0000
00QjX0000005x7eUAA,https://business-data-62022.lightning.force.com/lightning/r/Lead/00QjX0000005x7eUAA/view,Lerato,Dlamini,[Individual Applicant],lerato.dlamini926@webmail.co.za,New,RY-LEAD-01454644,Nurture,2026-09-09T12:44:09.000+0000
00QjX0000005u84UAA,https://business-data-62022.lightning.force.com/lightning/r/Lead/00QjX0000005u84UAA/view,Johan,Smith,[Individual Applicant],johansmith109@gmail.com,New,RY-LEAD-01455994,Nurture,2026-09-09T12:49:03.000+0000
00QjX0000005yRlUAI,https://business-data-62022.lightning.force.com/lightning/r/Lead/00QjX0000005yRlUAI/view,Lerato,Fortuin,[Individual Applicant],lerato.fortuin336@live.co.za,New,RY-LEAD-01456773,Converted,2026-09-09T12:42:19.000+0000
00QjX0000005yA3UAI,https://business-data-62022.lightning.force.com/lightning/r/Lead/00QjX0000005yA3UAI/view,Daniel,Du Plessis,[Individual Applicant],daniel.duplessis146@gmail.com,New,RY-LEAD-01458983,Working - Contacted,2026-09-09T12:44:29.000+0000
00QjX0000005x2hUAA,https://business-data-62022.lightning.force.com/lightning/r/Lead/00QjX0000005x2hUAA/view,Shireen,MOLEFE,[Individual Applicant],shireenmolefe66@gmail.com,New,RY-LEAD-01464988,Working - Contacted,2026-09-09T12:41:43.000+0000
00QjX0000005uxiUAA,https://business-data-62022.lightning.force.com/lightning/r/Lead/00QjX0000005uxiUAA/view,Pieter,Nyathi,[Individual Applicant],pieter.nyathi209@gmail.com,New,RY-LEAD-01465979,Qualified,2026-09-09T12:47:32.000+0000
00QjX0000005tSBUAY,https://business-data-62022.lightning.force.com/lightning/r/Lead/00QjX0000005tSBUAY/view,Nomsa,Mahlangu,[Individual Applicant],nomsa.mahlangu582@gmail.com,New,RY-LEAD-01473323,Nurture,2026-09-09T12:44:16.000+0000
00QjX0000005yA2UAI,https://business-data-62022.lightning.force.com/lightning/r/Lead/00QjX0000005yA2UAI/view,Hendrik,Zulu,[Individual Applicant],hendrik.zulu201@gmail.com,New,RY-LEAD-01473717,Qualified,2026-09-09T12:40:16.000+0000
00QjX0000005yOaUAI,https://business-data-62022.lightning.force.com/lightning/r/Lead/00QjX0000005yOaUAI/view,Rajesh,Venter,[Individual Applicant],rajesh_venter23@hotmail.com,New,RY-LEAD-01474463,Converted,2026-09-09T12:50:39.000+0000
00QjX0000005vTzUAI,https://business-data-62022.lightning.force.com/lightning/r/Lead/00QjX0000005vTzUAI/view,Ryan,Zulu,[Individual Applicant],ryanzulu99@hotmail.com,New,RY-LEAD-01477059,Converted,2026-09-09T12:50:36.000+0000
00QjX0000005t5fUAA,https://business-data-62022.lightning.force.com/lightning/r/Lead/00QjX0000005t5fUAA/view,KAGISO,Fourie,[Individual Applicant],kagiso.fourie462@outlook.com,New,RY-LEAD-01478838,Open - Not Contacted,2026-09-09T12:51:39.000+0000
00QjX0000005xlEUAQ,https://business-data-62022.lightning.force.com/lightning/r/Lead/00QjX0000005xlEUAQ/view,Zaid,Nortje,[Individual Applicant],zaid.nortje856@hotmail.com,New,RY-LEAD-01483391,Open - Not Contacted,2026-09-09T12:46:00.000+0000
00QjX0000005ueLUAQ,https://business-data-62022.lightning.force.com/lightning/r/Lead/00QjX0000005ueLUAQ/view,Riaan,Molefe,[Individual Applicant],riaan.molefe204@gmail.com,New,RY-LEAD-01485605,Nurture,2026-09-09T12:48:33.000+0000
00QjX0000005ueJUAQ,https://business-data-62022.lightning.force.com/lightning/r/Lead/00QjX0000005ueJUAQ/view,Mpho,Reddy,[Individual Applicant],mphoreddy155@outlook.com,New,RY-LEAD-01492705,Unqualified,2026-09-09T12:41:46.000+0000
00QjX0000005ucnUAA,https://business-data-62022.lightning.force.com/lightning/r/Lead/00QjX0000005ucnUAA/view,Andile,Botha,[Individual Applicant],andile.botha863@hotmail.com,New,RY-LEAD-01498304,Working - Contacted,2026-09-09T12:46:51.000+0000
00QjX0000005yLLUAY,https://business-data-62022.lightning.force.com/lightning/r/Lead/00QjX0000005yLLUAY/view,Nokuthula,Mthembu,[Individual Applicant],nokuthulamthembu204@gmail.com,New,RY-LEAD-01499158,Working - Contacted,2026-09-09T12:45:49.000+0000
