Id,Salesforce_Link,Name,StageName,CloseDate,AccountId,RY_External_ID__c,RY_Sample_Stage__c,RY_Expected_Value_ZAR__c,CreatedDate
006jX00000062GwQAI,https://business-data-62022.lightning.force.com/lightning/r/Opportunity/006jX00000062GwQAI/view,Copywriting - Application Sent,Qualify,2025-12-15,,RY-OPP-00007042,Application Sent,12761.65,2026-09-09T12:58:31.000+0000
006jX00000064vRQAQ,https://business-data-62022.lightning.force.com/lightning/r/Opportunity/006jX00000064vRQAQ/view,Data Analysis for Marketers - Application Sent,Qualify,2025-06-20,,RY-OPP-00013159,Application Sent,11135.22,2026-09-09T12:55:20.000+0000
006jX000000620tQAA,https://business-data-62022.lightning.force.com/lightning/r/Opportunity/006jX000000620tQAA/view,Graphic Design Beginner - Closed Lost,Qualify,2024-04-10,,RY-OPP-00016966,Closed Lost,11970.97,2026-09-09T12:59:15.000+0000
006jX00000066NiQAI,https://business-data-62022.lightning.force.com/lightning/r/Opportunity/006jX00000066NiQAI/view,Higher Certificate in Marketing and Branding - Closed Lost,Qualify,2024-08-31,,RY-OPP-00021951,Closed Lost,,2026-09-09T12:56:55.000+0000
006jX00000065rTQAQ,https://business-data-62022.lightning.force.com/lightning/r/Opportunity/006jX00000065rTQAQ/view,Data Visualisation for Designers - Offer Made,Qualify,2022-07-22,,RY-OPP-00022379,Offer Made,14464.63,2026-09-09T12:56:34.000+0000
006jX00000062NMQAY,https://business-data-62022.lightning.force.com/lightning/r/Opportunity/006jX00000062NMQAY/view,Part-Time Higher Certificate in Business Management - Enquiry,Qualify,2026-06-02,,RY-OPP-00023260,Enquiry,,2026-09-09T12:57:50.000+0000
006jX00000065UwQAI,https://business-data-62022.lightning.force.com/lightning/r/Opportunity/006jX00000065UwQAI/view,Mentorship - Qualification,Qualify,2024-03-19,,RY-OPP-00025814,Qualification,,2026-09-09T12:57:16.000+0000
006jX00000065bOQAQ,https://business-data-62022.lightning.force.com/lightning/r/Opportunity/006jX00000065bOQAQ/view,Part-Time Postgraduate Diploma in Management - Enquiry,Qualify,2026-04-10,,RY-OPP-00026939,Enquiry,,2026-09-09T12:52:57.000+0000
006jX00000065hoQAA,https://business-data-62022.lightning.force.com/lightning/r/Opportunity/006jX00000065hoQAA/view,AI & Executive Judgement - Closed Won,Qualify,2023-09-06,,RY-OPP-00028098,Closed Won,20751.1,2026-09-09T13:00:04.000+0000
006jX00000066qjQAA,https://business-data-62022.lightning.force.com/lightning/r/Opportunity/006jX00000066qjQAA/view,Customer Experience - Application Sent,Qualify,2024-07-01,,RY-OPP-00028415,Application Sent,10854.11,2026-09-09T12:57:02.000+0000
006jX00000060jmQAA,https://business-data-62022.lightning.force.com/lightning/r/Opportunity/006jX00000060jmQAA/view,Management Development Programme: Agency Leadership - Closed Lost,Qualify,2026-10-08,,RY-OPP-00028706,Closed Lost,27221.56,2026-09-09T12:53:58.000+0000
006jX00000062SAQAY,https://business-data-62022.lightning.force.com/lightning/r/Opportunity/006jX00000062SAQAY/view,Postgraduate Diploma in Management - Qualification,Qualify,2026-12-27,,RY-OPP-00031514,Qualification,,2026-09-09T12:54:13.000+0000
006jX00000066FgQAI,https://business-data-62022.lightning.force.com/lightning/r/Opportunity/006jX00000066FgQAI/view,Business Analysis - Qualification,Qualify,2023-01-31,,RY-OPP-00035523,Qualification,13988.28,2026-09-09T12:56:30.000+0000
006jX00000066acQAA,https://business-data-62022.lightning.force.com/lightning/r/Opportunity/006jX00000066acQAA/view,User Experience Design - Closed Lost,Qualify,2024-09-02,,RY-OPP-00036399,Closed Lost,,2026-09-09T12:55:22.000+0000
006jX00000066HIQAY,https://business-data-62022.lightning.force.com/lightning/r/Opportunity/006jX00000066HIQAY/view,Sustainable Marketing - Application Sent,Qualify,2025-12-12,,RY-OPP-00040320,Application Sent,,2026-09-09T12:56:42.000+0000
006jX00000061mEQAQ,https://business-data-62022.lightning.force.com/lightning/r/Opportunity/006jX00000061mEQAQ/view,Part-Time Higher Certificate in Marketing and Branding - Application Received,Qualify,2025-03-09,,RY-OPP-00044446,Application Received,,2026-09-09T12:57:05.000+0000
006jX00000066PKQAY,https://business-data-62022.lightning.force.com/lightning/r/Opportunity/006jX00000066PKQAY/view,Brand as Capital - Enquiry,Qualify,2023-04-02,,RY-OPP-00049620,Enquiry,21541.36,2026-09-09T12:58:41.000+0000
006jX00000067BiQAI,https://business-data-62022.lightning.force.com/lightning/r/Opportunity/006jX00000067BiQAI/view,"Higher Occupational Certificate: Advertiser, Specialising in Digital Marketing - Closed Won",Qualify,2022-09-18,,RY-OPP-00050175,Closed Won,,2026-09-09T12:59:47.000+0000
006jX00000061mFQAQ,https://business-data-62022.lightning.force.com/lightning/r/Opportunity/006jX00000061mFQAQ/view,Media Planning - Closed Won,Qualify,2025-03-17,,RY-OPP-00051034,Closed Won,12858.64,2026-09-09T12:57:38.000+0000
006jX00000060tPQAQ,https://business-data-62022.lightning.force.com/lightning/r/Opportunity/006jX00000060tPQAQ/view,"Higher Occupational Certificate: Advertiser, Specialising in Digital Marketing - Qualification",Qualify,2023-08-27,,RY-OPP-00054117,Qualification,,2026-09-09T12:59:11.000+0000
006jX00000061pXQAQ,https://business-data-62022.lightning.force.com/lightning/r/Opportunity/006jX00000061pXQAQ/view,Postgraduate Diploma in Digital Marketing - Closed Lost,Qualify,2024-01-15,,RY-OPP-00055882,Closed Lost,,2026-09-09T12:53:39.000+0000
006jX00000064vOQAQ,https://business-data-62022.lightning.force.com/lightning/r/Opportunity/006jX00000064vOQAQ/view,Digital Marketing Professional - Application Received,Qualify,2024-10-31,,RY-OPP-00056852,Application Received,,2026-09-09T12:53:27.000+0000
006jX00000063jDQAQ,https://business-data-62022.lightning.force.com/lightning/r/Opportunity/006jX00000063jDQAQ/view,Part-Time Postgraduate Diploma in Digital Marketing - Closed Won,Qualify,2022-06-18,,RY-OPP-00059343,Closed Won,,2026-09-09T12:53:56.000+0000
006jX00000066HHQAY,https://business-data-62022.lightning.force.com/lightning/r/Opportunity/006jX00000066HHQAY/view,Sustainable Marketing - Closed Lost,Qualify,2023-05-01,,RY-OPP-00061699,Closed Lost,,2026-09-09T12:56:32.000+0000
006jX0000006137QAA,https://business-data-62022.lightning.force.com/lightning/r/Opportunity/006jX0000006137QAA/view,Sales & Account Management - Offer Made,Qualify,2024-05-11,,RY-OPP-00063392,Offer Made,4071.86,2026-09-09T12:55:39.000+0000
006jX00000061KrQAI,https://business-data-62022.lightning.force.com/lightning/r/Opportunity/006jX00000061KrQAI/view,Business Analysis - Closed Won,Qualify,2022-11-17,,RY-OPP-00063777,Closed Won,13215.49,2026-09-09T12:58:43.000+0000
006jX000000678TQAQ,https://business-data-62022.lightning.force.com/lightning/r/Opportunity/006jX000000678TQAQ/view,Social Media Marketing - Closed Lost,Qualify,2026-01-31,,RY-OPP-00067485,Closed Lost,,2026-09-09T12:59:35.000+0000
006jX00000066HJQAY,https://business-data-62022.lightning.force.com/lightning/r/Opportunity/006jX00000066HJQAY/view,Copywriting - Closed Won,Qualify,2026-09-28,,RY-OPP-00067773,Closed Won,10328.05,2026-09-09T12:56:45.000+0000
006jX0000006136QAA,https://business-data-62022.lightning.force.com/lightning/r/Opportunity/006jX0000006136QAA/view,Strategic Foresight for Leaders - Qualification,Qualify,2025-10-13,,RY-OPP-00070074,Qualification,20417.27,2026-09-09T12:54:58.000+0000
006jX00000066qkQAA,https://business-data-62022.lightning.force.com/lightning/r/Opportunity/006jX00000066qkQAA/view,Desktop Publishing with InDesign - Closed Won,Qualify,2023-05-30,,RY-OPP-00073809,Closed Won,,2026-09-09T12:57:04.000+0000
006jX00000066SYQAY,https://business-data-62022.lightning.force.com/lightning/r/Opportunity/006jX00000066SYQAY/view,Mentorship - Application Received,Qualify,2024-08-22,,RY-OPP-00083949,Application Received,4713.28,2026-09-09T12:53:35.000+0000
006jX000000620sQAA,https://business-data-62022.lightning.force.com/lightning/r/Opportunity/006jX000000620sQAA/view,Data Analysis for Marketers - Qualification,Qualify,2024-06-25,,RY-OPP-00090927,Qualification,12082.86,2026-09-09T12:56:21.000+0000
006jX00000062TnQAI,https://business-data-62022.lightning.force.com/lightning/r/Opportunity/006jX00000062TnQAI/view,Rebel Leadership - Closed Lost,Qualify,2024-08-27,,RY-OPP-00092753,Closed Lost,20948.82,2026-09-09T12:53:21.000+0000
006jX00000065l0QAA,https://business-data-62022.lightning.force.com/lightning/r/Opportunity/006jX00000065l0QAA/view,Rebel Leadership - Closed Lost,Qualify,2023-09-16,,RY-OPP-00094621,Closed Lost,25377.56,2026-09-09T12:54:16.000+0000
006jX00000060jkQAA,https://business-data-62022.lightning.force.com/lightning/r/Opportunity/006jX00000060jkQAA/view,Higher Certificate in Business Management - Enquiry,Qualify,2022-11-03,,RY-OPP-00095787,Enquiry,,2026-09-09T12:52:46.000+0000
006jX00000063HqQAI,https://business-data-62022.lightning.force.com/lightning/r/Opportunity/006jX00000063HqQAI/view,Brand as Capital - Closed Lost,Qualify,2025-07-18,,RY-OPP-00097090,Closed Lost,19524.78,2026-09-09T12:56:25.000+0000
006jX00000065RiQAI,https://business-data-62022.lightning.force.com/lightning/r/Opportunity/006jX00000065RiQAI/view,Shopper Marketing - Closed Won,Qualify,2025-02-21,,RY-OPP-00099299,Closed Won,15792.3,2026-09-09T12:53:14.000+0000
006jX00000064VdQAI,https://business-data-62022.lightning.force.com/lightning/r/Opportunity/006jX00000064VdQAI/view,Part-Time Postgraduate Diploma in Digital Marketing - Enquiry,Qualify,2024-12-13,,RY-OPP-00105717,Enquiry,,2026-09-09T12:56:57.000+0000
006jX00000061shQAA,https://business-data-62022.lightning.force.com/lightning/r/Opportunity/006jX00000061shQAA/view,Copywriting - Qualification,Qualify,2025-01-10,,RY-OPP-00107818,Qualification,10785.82,2026-09-09T12:52:48.000+0000
006jX00000065JcQAI,https://business-data-62022.lightning.force.com/lightning/r/Opportunity/006jX00000065JcQAI/view,Graphic Design Beginner - Closed Won,Qualify,2022-12-01,,RY-OPP-00109562,Closed Won,15037.43,2026-09-09T12:58:03.000+0000
006jX00000066p8QAA,https://business-data-62022.lightning.force.com/lightning/r/Opportunity/006jX00000066p8QAA/view,Digital Content & Copywriting - Qualification,Qualify,2024-05-13,,RY-OPP-00111068,Qualification,11853.75,2026-09-09T12:56:47.000+0000
006jX000000675FQAQ,https://business-data-62022.lightning.force.com/lightning/r/Opportunity/006jX000000675FQAQ/view,Rebel Leadership - Qualification,Qualify,2026-11-24,,RY-OPP-00117602,Qualification,20115.54,2026-09-09T12:59:17.000+0000
006jX00000066cEQAQ,https://business-data-62022.lightning.force.com/lightning/r/Opportunity/006jX00000066cEQAQ/view,Storytelling for Impact & Influence - Application Received,Qualify,2025-04-23,,RY-OPP-00124099,Application Received,6045.02,2026-09-09T12:57:43.000+0000
006jX00000061PfQAI,https://business-data-62022.lightning.force.com/lightning/r/Opportunity/006jX00000061PfQAI/view,Higher Certificate in Marketing and Branding - Application Sent,Qualify,2022-10-07,,RY-OPP-00127501,Application Sent,,2026-09-09T12:56:22.000+0000
006jX00000061XiQAI,https://business-data-62022.lightning.force.com/lightning/r/Opportunity/006jX00000061XiQAI/view,Part-Time Higher Certificate in Graphic Design - Application Received,Qualify,2026-01-24,,RY-OPP-00127651,Application Received,,2026-09-09T12:53:41.000+0000
006jX00000064vPQAQ,https://business-data-62022.lightning.force.com/lightning/r/Opportunity/006jX00000064vPQAQ/view,Design Thinking - Qualification,Qualify,2025-05-16,,RY-OPP-00129303,Qualification,13253.53,2026-09-09T12:53:48.000+0000
006jX000000644BQAQ,https://business-data-62022.lightning.force.com/lightning/r/Opportunity/006jX000000644BQAQ/view,Graphic Design Intermediate with Adobe Photoshop - Closed Lost,Qualify,2024-07-04,,RY-OPP-00133023,Closed Lost,13071.66,2026-09-09T12:54:34.000+0000
006jX00000061PjQAI,https://business-data-62022.lightning.force.com/lightning/r/Opportunity/006jX00000061PjQAI/view,Social Media Marketing - Enquiry,Qualify,2026-05-07,,RY-OPP-00133216,Enquiry,,2026-09-09T12:58:34.000+0000
006jX00000066qlQAA,https://business-data-62022.lightning.force.com/lightning/r/Opportunity/006jX00000066qlQAA/view,User Experience Design - Qualification,Qualify,2023-01-28,,RY-OPP-00133591,Qualification,,2026-09-09T12:57:40.000+0000
006jX00000065JbQAI,https://business-data-62022.lightning.force.com/lightning/r/Opportunity/006jX00000065JbQAI/view,Copywriting - Qualification,Qualify,2022-09-06,,RY-OPP-00139410,Qualification,9820.14,2026-09-09T12:57:56.000+0000
006jX00000062nEQAQ,https://business-data-62022.lightning.force.com/lightning/r/Opportunity/006jX00000062nEQAQ/view,Copywriting - Offer Made,Qualify,2022-07-27,,RY-OPP-00140708,Offer Made,11752.58,2026-09-09T12:59:58.000+0000
006jX00000065D9QAI,https://business-data-62022.lightning.force.com/lightning/r/Opportunity/006jX00000065D9QAI/view,Higher Certificate in Business Management - Qualification,Qualify,2024-03-30,,RY-OPP-00149595,Qualification,,2026-09-09T12:53:05.000+0000
006jX00000063uWQAQ,https://business-data-62022.lightning.force.com/lightning/r/Opportunity/006jX00000063uWQAQ/view,Postgraduate Diploma in Digital Marketing - Closed Won,Qualify,2025-01-25,,RY-OPP-00149622,Closed Won,,2026-09-09T12:54:41.000+0000
006jX00000065pqQAA,https://business-data-62022.lightning.force.com/lightning/r/Opportunity/006jX00000065pqQAA/view,Interior Decorating - Offer Made,Qualify,2026-03-03,,RY-OPP-00151598,Offer Made,14460.44,2026-09-09T12:55:23.000+0000
006jX00000066h3QAA,https://business-data-62022.lightning.force.com/lightning/r/Opportunity/006jX00000066h3QAA/view,Graphic Design Beginner - Qualification,Qualify,2024-02-16,,RY-OPP-00151754,Qualification,13740.23,2026-09-09T12:54:54.000+0000
006jX00000063stQAA,https://business-data-62022.lightning.force.com/lightning/r/Opportunity/006jX00000063stQAA/view,Graphic Design Intermediate with Adobe Photoshop - Application Received,Qualify,2023-10-24,,RY-OPP-00154580,Application Received,12816.35,2026-09-09T12:56:19.000+0000
006jX00000064VbQAI,https://business-data-62022.lightning.force.com/lightning/r/Opportunity/006jX00000064VbQAI/view,Higher Certificate in Marketing and Branding - Closed Won,Qualify,2026-10-26,,RY-OPP-00155225,Closed Won,,2026-09-09T12:56:27.000+0000
006jX00000063kqQAA,https://business-data-62022.lightning.force.com/lightning/r/Opportunity/006jX00000063kqQAA/view,Marketing Strategy - Closed Lost,Qualify,2024-04-07,,RY-OPP-00167668,Closed Lost,8846.68,2026-09-09T12:58:06.000+0000
006jX000000620qQAA,https://business-data-62022.lightning.force.com/lightning/r/Opportunity/006jX000000620qQAA/view,Interior Decorating - Application Sent,Qualify,2022-09-08,,RY-OPP-00170481,Application Sent,13469.92,2026-09-09T12:55:53.000+0000
006jX00000064FWQAY,https://business-data-62022.lightning.force.com/lightning/r/Opportunity/006jX00000064FWQAY/view,Postgraduate Diploma in Management - Offer Made,Qualify,2025-08-05,,RY-OPP-00171533,Offer Made,,2026-09-09T12:56:06.000+0000
006jX00000061axQAA,https://business-data-62022.lightning.force.com/lightning/r/Opportunity/006jX00000061axQAA/view,Operational Finance - Application Sent,Qualify,2025-07-16,,RY-OPP-00171865,Application Sent,12924.73,2026-09-09T12:53:46.000+0000
006jX00000066kHQAQ,https://business-data-62022.lightning.force.com/lightning/r/Opportunity/006jX00000066kHQAQ/view,Media Planning - Closed Won,Qualify,2027-01-04,,RY-OPP-00173931,Closed Won,11147.96,2026-09-09T12:55:25.000+0000
006jX00000066FfQAI,https://business-data-62022.lightning.force.com/lightning/r/Opportunity/006jX00000066FfQAI/view,Strategic Foresight for Leaders - Application Sent,Qualify,2023-07-07,,RY-OPP-00178222,Application Sent,25171.72,2026-09-09T12:53:51.000+0000
006jX00000066fRQAQ,https://business-data-62022.lightning.force.com/lightning/r/Opportunity/006jX00000066fRQAQ/view,"Higher Occupational Certificate: Advertiser, Specialising in Digital Marketing - Application Received",Qualify,2025-01-05,,RY-OPP-00178387,Application Received,,2026-09-09T12:54:18.000+0000
006jX00000062jvQAA,https://business-data-62022.lightning.force.com/lightning/r/Opportunity/006jX00000062jvQAA/view,Brand as Capital - Application Received,Qualify,2024-11-11,,RY-OPP-00182888,Application Received,22559.63,2026-09-09T12:54:30.000+0000
006jX00000064FVQAY,https://business-data-62022.lightning.force.com/lightning/r/Opportunity/006jX00000064FVQAY/view,Part-Time Higher Certificate in Business Management - Offer Made,Qualify,2026-12-03,,RY-OPP-00183309,Offer Made,,2026-09-09T12:54:27.000+0000
006jX00000066ihQAA,https://business-data-62022.lightning.force.com/lightning/r/Opportunity/006jX00000066ihQAA/view,Business Analysis - Application Sent,Qualify,2026-10-08,,RY-OPP-00186284,Application Sent,14522.19,2026-09-09T12:56:29.000+0000
006jX00000066p7QAA,https://business-data-62022.lightning.force.com/lightning/r/Opportunity/006jX00000066p7QAA/view,User Experience Design - Closed Won,Qualify,2022-10-12,,RY-OPP-00186441,Closed Won,,2026-09-09T12:56:44.000+0000
006jX00000064sAQAQ,https://business-data-62022.lightning.force.com/lightning/r/Opportunity/006jX00000064sAQAQ/view,Data Visualisation for Designers - Qualification,Qualify,2024-11-16,,RY-OPP-00188698,Qualification,14716.09,2026-09-09T12:55:15.000+0000
006jX00000064vSQAQ,https://business-data-62022.lightning.force.com/lightning/r/Opportunity/006jX00000064vSQAQ/view,Interior Decorating - Enquiry,Qualify,2024-07-25,,RY-OPP-00192179,Enquiry,12454.09,2026-09-09T12:55:57.000+0000
006jX000000631hQAA,https://business-data-62022.lightning.force.com/lightning/r/Opportunity/006jX000000631hQAA/view,Desktop Publishing with InDesign - Application Received,Qualify,2025-07-02,,RY-OPP-00197817,Application Received,,2026-09-09T12:59:55.000+0000
006jX00000061pWQAQ,https://business-data-62022.lightning.force.com/lightning/r/Opportunity/006jX00000061pWQAQ/view,Performance Marketing - Closed Won,Qualify,2022-12-26,,RY-OPP-00200292,Closed Won,11274.01,2026-09-09T12:52:52.000+0000
006jX00000066XPQAY,https://business-data-62022.lightning.force.com/lightning/r/Opportunity/006jX00000066XPQAY/view,Higher Certificate in Business Management - Closed Lost,Qualify,2023-06-18,,RY-OPP-00201476,Closed Lost,,2026-09-09T12:58:13.000+0000
006jX00000061PhQAI,https://business-data-62022.lightning.force.com/lightning/r/Opportunity/006jX00000061PhQAI/view,Graphic Design Intermediate with Adobe Photoshop - Application Received,Qualify,2024-12-17,,RY-OPP-00206458,Application Received,14941.56,2026-09-09T12:57:12.000+0000
006jX000000614lQAA,https://business-data-62022.lightning.force.com/lightning/r/Opportunity/006jX000000614lQAA/view,Postgraduate Diploma in Management - Application Received,Qualify,2023-02-02,,RY-OPP-00216030,Application Received,,2026-09-09T12:53:53.000+0000
006jX00000061ccQAA,https://business-data-62022.lightning.force.com/lightning/r/Opportunity/006jX00000061ccQAA/view,Customer Experience - Offer Made,Qualify,2025-10-04,,RY-OPP-00216430,Offer Made,11353.63,2026-09-09T12:58:59.000+0000
006jX00000062nDQAQ,https://business-data-62022.lightning.force.com/lightning/r/Opportunity/006jX00000062nDQAQ/view,Graphic Design Beginner - Offer Made,Qualify,2022-12-19,,RY-OPP-00218114,Offer Made,16471.69,2026-09-09T12:59:57.000+0000
006jX00000063uXQAQ,https://business-data-62022.lightning.force.com/lightning/r/Opportunity/006jX00000063uXQAQ/view,Sales & Account Management - Enquiry,Qualify,2023-08-30,,RY-OPP-00218993,Enquiry,4856.84,2026-09-09T12:55:33.000+0000
006jX00000063eMQAQ,https://business-data-62022.lightning.force.com/lightning/r/Opportunity/006jX00000063eMQAQ/view,Interior Decorating - Closed Won,Qualify,2026-04-08,,RY-OPP-00219461,Closed Won,15878.13,2026-09-09T12:53:25.000+0000
006jX00000063HrQAI,https://business-data-62022.lightning.force.com/lightning/r/Opportunity/006jX00000063HrQAI/view,Public Relations - Closed Lost,Qualify,2026-07-12,,RY-OPP-00223185,Closed Lost,15040.03,2026-09-09T12:57:36.000+0000
006jX00000066nXQAQ,https://business-data-62022.lightning.force.com/lightning/r/Opportunity/006jX00000066nXQAQ/view,Interior Decorating - Closed Won,Qualify,2022-05-27,,RY-OPP-00223395,Closed Won,14421.21,2026-09-09T12:59:51.000+0000
006jX00000064owQAA,https://business-data-62022.lightning.force.com/lightning/r/Opportunity/006jX00000064owQAA/view,Copywriting - Application Sent,Qualify,2024-05-10,,RY-OPP-00225566,Application Sent,10076.23,2026-09-09T12:56:59.000+0000
006jX00000063HmQAI,https://business-data-62022.lightning.force.com/lightning/r/Opportunity/006jX00000063HmQAI/view,Customer Experience - Qualification,Qualify,2025-12-23,,RY-OPP-00226678,Qualification,12864.79,2026-09-09T12:53:01.000+0000
006jX00000063T4QAI,https://business-data-62022.lightning.force.com/lightning/r/Opportunity/006jX00000063T4QAI/view,Operational Finance - Offer Made,Qualify,2026-09-05,,RY-OPP-00227428,Offer Made,12938.2,2026-09-09T12:59:28.000+0000
006jX00000065oGQAQ,https://business-data-62022.lightning.force.com/lightning/r/Opportunity/006jX00000065oGQAQ/view,Sports Sponsorship Marketing - Closed Won,Qualify,2024-05-17,,RY-OPP-00228463,Closed Won,,2026-09-09T12:56:03.000+0000
006jX000000651tQAA,https://business-data-62022.lightning.force.com/lightning/r/Opportunity/006jX000000651tQAA/view,Public Relations - Closed Won,Qualify,2023-11-20,,RY-OPP-00229057,Closed Won,13856.49,2026-09-09T12:57:00.000+0000
006jX00000066NjQAI,https://business-data-62022.lightning.force.com/lightning/r/Opportunity/006jX00000066NjQAI/view,Digital Marketing Professional - Closed Lost,Qualify,2025-01-22,,RY-OPP-00236090,Closed Lost,,2026-09-09T12:57:58.000+0000
006jX00000063rOQAQ,https://business-data-62022.lightning.force.com/lightning/r/Opportunity/006jX00000063rOQAQ/view,People Management - Application Received,Qualify,2023-01-29,,RY-OPP-00236754,Application Received,9837.96,2026-09-09T12:54:22.000+0000
006jX00000061FzQAI,https://business-data-62022.lightning.force.com/lightning/r/Opportunity/006jX00000061FzQAI/view,Management Development Programme: Agency Leadership - Closed Lost,Qualify,2026-02-27,,RY-OPP-00237123,Closed Lost,30864.98,2026-09-09T12:59:09.000+0000
006jX00000062lYQAQ,https://business-data-62022.lightning.force.com/lightning/r/Opportunity/006jX00000062lYQAQ/view,Storytelling for Impact & Influence - Application Received,Qualify,2022-06-17,,RY-OPP-00237744,Application Received,6256.61,2026-09-09T12:54:46.000+0000
006jX00000066imQAA,https://business-data-62022.lightning.force.com/lightning/r/Opportunity/006jX00000066imQAA/view,Creative Thinking - Application Received,Qualify,2025-05-02,,RY-OPP-00238223,Application Received,3933.28,2026-09-09T12:58:09.000+0000
006jX00000065DAQAY,https://business-data-62022.lightning.force.com/lightning/r/Opportunity/006jX00000065DAQAY/view,People Management - Closed Lost,Qualify,2023-02-21,,RY-OPP-00242921,Closed Lost,12706.86,2026-09-09T12:58:00.000+0000
006jX00000065ZiQAI,https://business-data-62022.lightning.force.com/lightning/r/Opportunity/006jX00000065ZiQAI/view,"Higher Occupational Certificate: Advertiser, Specialising in Digital Marketing - Closed Won",Qualify,2023-10-25,,RY-OPP-00249481,Closed Won,,2026-09-09T12:56:35.000+0000
006jX00000062woQAA,https://business-data-62022.lightning.force.com/lightning/r/Opportunity/006jX00000062woQAA/view,Creative Thinking - Offer Made,Qualify,2026-05-13,,RY-OPP-00257918,Offer Made,4064.57,2026-09-09T13:00:00.000+0000
006jX00000066kIQAQ,https://business-data-62022.lightning.force.com/lightning/r/Opportunity/006jX00000066kIQAQ/view,AI & Executive Judgement - Closed Lost,Qualify,2024-12-18,,RY-OPP-00258791,Closed Lost,19556.16,2026-09-09T12:58:28.000+0000
006jX00000060oZQAQ,https://business-data-62022.lightning.force.com/lightning/r/Opportunity/006jX00000060oZQAQ/view,Design Thinking - Application Sent,Qualify,2023-01-20,,RY-OPP-00264905,Application Sent,11857.72,2026-09-09T12:58:14.000+0000
006jX00000062VUQAY,https://business-data-62022.lightning.force.com/lightning/r/Opportunity/006jX00000062VUQAY/view,People Management - Closed Lost,Qualify,2024-04-19,,RY-OPP-00265750,Closed Lost,11897.07,2026-09-09T12:56:08.000+0000
006jX000000639lQAA,https://business-data-62022.lightning.force.com/lightning/r/Opportunity/006jX000000639lQAA/view,Part-Time Postgraduate Diploma in Management - Closed Lost,Qualify,2024-07-18,,RY-OPP-00265809,Closed Lost,,2026-09-09T12:52:42.000+0000
006jX00000066ItQAI,https://business-data-62022.lightning.force.com/lightning/r/Opportunity/006jX00000066ItQAI/view,Postgraduate Diploma in Digital Marketing - Enquiry,Qualify,2023-04-11,,RY-OPP-00266510,Enquiry,,2026-09-09T12:58:55.000+0000
006jX00000060tQQAQ,https://business-data-62022.lightning.force.com/lightning/r/Opportunity/006jX00000060tQQAQ/view,Desktop Publishing with InDesign - Enquiry,Qualify,2022-09-26,,RY-OPP-00269357,Enquiry,,2026-09-09T12:59:30.000+0000
006jX00000062gjQAA,https://business-data-62022.lightning.force.com/lightning/r/Opportunity/006jX00000062gjQAA/view,Part-Time Higher Certificate in Business Management - Application Sent,Qualify,2026-06-13,,RY-OPP-00269434,Application Sent,,2026-09-09T12:55:30.000+0000
006jX00000061PiQAI,https://business-data-62022.lightning.force.com/lightning/r/Opportunity/006jX00000061PiQAI/view,Creative Thinking - Offer Made,Qualify,2025-08-13,,RY-OPP-00271677,Offer Made,4361.87,2026-09-09T12:58:29.000+0000
006jX00000064FUQAY,https://business-data-62022.lightning.force.com/lightning/r/Opportunity/006jX00000064FUQAY/view,Digital Marketing Professional - Offer Made,Qualify,2024-10-01,,RY-OPP-00273379,Offer Made,,2026-09-09T12:52:36.000+0000
006jX00000062GuQAI,https://business-data-62022.lightning.force.com/lightning/r/Opportunity/006jX00000062GuQAI/view,Data Visualisation for Designers - Closed Lost,Qualify,2023-11-04,,RY-OPP-00275009,Closed Lost,15640.19,2026-09-09T12:54:45.000+0000
006jX000000620rQAA,https://business-data-62022.lightning.force.com/lightning/r/Opportunity/006jX000000620rQAA/view,Sports Sponsorship Marketing - Application Sent,Qualify,2024-03-18,,RY-OPP-00277592,Application Sent,,2026-09-09T12:55:55.000+0000
006jX00000062VTQAY,https://business-data-62022.lightning.force.com/lightning/r/Opportunity/006jX00000062VTQAY/view,Project Management - Closed Lost,Qualify,2026-06-26,,RY-OPP-00280922,Closed Lost,11656.35,2026-09-09T12:55:02.000+0000
006jX00000062GvQAI,https://business-data-62022.lightning.force.com/lightning/r/Opportunity/006jX00000062GvQAI/view,Design Thinking - Application Sent,Qualify,2026-02-06,,RY-OPP-00281254,Application Sent,10686.08,2026-09-09T12:54:48.000+0000
006jX00000062dWQAQ,https://business-data-62022.lightning.force.com/lightning/r/Opportunity/006jX00000062dWQAQ/view,Customer Experience - Enquiry,Qualify,2024-10-15,,RY-OPP-00291570,Enquiry,13335.0,2026-09-09T12:56:52.000+0000
006jX00000061KqQAI,https://business-data-62022.lightning.force.com/lightning/r/Opportunity/006jX00000061KqQAI/view,Data Analysis - Application Received,Qualify,2024-08-17,,RY-OPP-00293372,Application Received,9724.34,2026-09-09T12:54:43.000+0000
006jX00000062dXQAQ,https://business-data-62022.lightning.force.com/lightning/r/Opportunity/006jX00000062dXQAQ/view,Digital Marketing Professional - Qualification,Qualify,2022-12-28,,RY-OPP-00297604,Qualification,,2026-09-09T12:56:53.000+0000
006jX000000631fQAA,https://business-data-62022.lightning.force.com/lightning/r/Opportunity/006jX000000631fQAA/view,Media Planning - Closed Lost,Qualify,2025-10-15,,RY-OPP-00304213,Closed Lost,10740.85,2026-09-09T12:58:52.000+0000
006jX000000653UQAQ,https://business-data-62022.lightning.force.com/lightning/r/Opportunity/006jX000000653UQAQ/view,"Higher Occupational Certificate: Advertiser, Specialising in Digital Marketing - Closed Won",Qualify,2025-10-11,,RY-OPP-00308876,Closed Won,,2026-09-09T12:53:07.000+0000
006jX00000062f6QAA,https://business-data-62022.lightning.force.com/lightning/r/Opportunity/006jX00000062f6QAA/view,Desktop Publishing with InDesign - Application Sent,Qualify,2026-03-04,,RY-OPP-00310864,Application Sent,,2026-09-09T12:57:23.000+0000
006jX00000066QzQAI,https://business-data-62022.lightning.force.com/lightning/r/Opportunity/006jX00000066QzQAI/view,Data Visualisation for Designers - Closed Won,Qualify,2023-09-20,,RY-OPP-00313051,Closed Won,14911.74,2026-09-09T12:53:29.000+0000
006jX00000062f8QAA,https://business-data-62022.lightning.force.com/lightning/r/Opportunity/006jX00000062f8QAA/view,Higher Certificate in Marketing and Branding - Closed Lost,Qualify,2026-02-26,,RY-OPP-00316075,Closed Lost,,2026-09-09T12:59:21.000+0000
006jX00000063rQQAQ,https://business-data-62022.lightning.force.com/lightning/r/Opportunity/006jX00000063rQQAQ/view,Part-Time Higher Certificate in Business Management - Closed Lost,Qualify,2024-11-28,,RY-OPP-00316184,Closed Lost,,2026-09-09T12:57:35.000+0000
006jX000000658JQAQ,https://business-data-62022.lightning.force.com/lightning/r/Opportunity/006jX000000658JQAQ/view,Social Media Marketing - Qualification,Qualify,2023-06-07,,RY-OPP-00316860,Qualification,,2026-09-09T12:52:34.000+0000
006jX00000064CGQAY,https://business-data-62022.lightning.force.com/lightning/r/Opportunity/006jX00000064CGQAY/view,Public Relations - Offer Made,Qualify,2027-01-03,,RY-OPP-00317975,Offer Made,13284.58,2026-09-09T12:55:28.000+0000
006jX00000062VXQAY,https://business-data-62022.lightning.force.com/lightning/r/Opportunity/006jX00000062VXQAY/view,Data Visualisation for Designers - Offer Made,Qualify,2023-12-31,,RY-OPP-00318043,Offer Made,14518.61,2026-09-09T12:59:00.000+0000
006jX00000065WWQAY,https://business-data-62022.lightning.force.com/lightning/r/Opportunity/006jX00000065WWQAY/view,Digital Marketing Professional - Application Sent,Qualify,2022-10-15,,RY-OPP-00318866,Application Sent,,2026-09-09T12:52:56.000+0000
006jX00000065JdQAI,https://business-data-62022.lightning.force.com/lightning/r/Opportunity/006jX00000065JdQAI/view,Interior Decorating - Application Sent,Qualify,2026-07-27,,RY-OPP-00321395,Application Sent,15389.22,2026-09-09T12:59:53.000+0000
006jX00000062DmQAI,https://business-data-62022.lightning.force.com/lightning/r/Opportunity/006jX00000062DmQAI/view,Postgraduate Diploma in Digital Marketing - Application Sent,Qualify,2023-09-26,,RY-OPP-00322409,Application Sent,,2026-09-09T12:56:01.000+0000
006jX00000064kAQAQ,https://business-data-62022.lightning.force.com/lightning/r/Opportunity/006jX00000064kAQAQ/view,Performance Marketing - Enquiry,Qualify,2024-09-20,,RY-OPP-00334443,Enquiry,10317.29,2026-09-09T12:59:13.000+0000
006jX00000066xBQAQ,https://business-data-62022.lightning.force.com/lightning/r/Opportunity/006jX00000066xBQAQ/view,Digital Content & Copywriting - Enquiry,Qualify,2025-08-24,,RY-OPP-00336791,Enquiry,12141.84,2026-09-09T12:58:47.000+0000
006jX00000061j3QAA,https://business-data-62022.lightning.force.com/lightning/r/Opportunity/006jX00000061j3QAA/view,Sales & Account Management - Enquiry,Qualify,2023-06-03,,RY-OPP-00337234,Enquiry,4096.15,2026-09-09T12:53:59.000+0000
006jX000000634uQAA,https://business-data-62022.lightning.force.com/lightning/r/Opportunity/006jX000000634uQAA/view,AI & Executive Judgement - Closed Won,Qualify,2022-03-22,,RY-OPP-00337630,Closed Won,21486.85,2026-09-09T12:59:37.000+0000
006jX00000064vQQAQ,https://business-data-62022.lightning.force.com/lightning/r/Opportunity/006jX00000064vQQAQ/view,Postgraduate Diploma in Management - Enquiry,Qualify,2022-05-13,,RY-OPP-00339165,Enquiry,,2026-09-09T12:53:54.000+0000
006jX00000061siQAA,https://business-data-62022.lightning.force.com/lightning/r/Opportunity/006jX00000061siQAA/view,Social Media Marketing - Closed Lost,Qualify,2025-08-20,,RY-OPP-00345464,Closed Lost,,2026-09-09T12:56:10.000+0000
006jX00000065UxQAI,https://business-data-62022.lightning.force.com/lightning/r/Opportunity/006jX00000065UxQAI/view,Higher Certificate in Business Management - Qualification,Qualify,2025-02-08,,RY-OPP-00346236,Qualification,,2026-09-09T12:59:23.000+0000
006jX00000067BhQAI,https://business-data-62022.lightning.force.com/lightning/r/Opportunity/006jX00000067BhQAI/view,Sales & Account Management - Qualification,Qualify,2024-04-18,,RY-OPP-00347346,Qualification,3636.09,2026-09-09T12:59:43.000+0000
006jX00000065RgQAI,https://business-data-62022.lightning.force.com/lightning/r/Opportunity/006jX00000065RgQAI/view,Mentorship - Closed Won,Qualify,2023-05-29,,RY-OPP-00352985,Closed Won,5164.82,2026-09-09T12:52:31.000+0000
006jX00000064x2QAA,https://business-data-62022.lightning.force.com/lightning/r/Opportunity/006jX00000064x2QAA/view,Part-Time Postgraduate Diploma in Digital Marketing - Closed Lost,Qualify,2023-10-15,,RY-OPP-00353916,Closed Lost,,2026-09-09T12:54:51.000+0000
006jX00000062glQAA,https://business-data-62022.lightning.force.com/lightning/r/Opportunity/006jX00000062glQAA/view,Sales & Account Management - Application Received,Qualify,2025-05-31,,RY-OPP-00359348,Application Received,4565.85,2026-09-09T12:57:07.000+0000
006jX00000065oHQAQ,https://business-data-62022.lightning.force.com/lightning/r/Opportunity/006jX00000065oHQAQ/view,User Experience Design - Enquiry,Qualify,2026-06-04,,RY-OPP-00360542,Enquiry,,2026-09-09T12:56:11.000+0000
006jX000000670PQAQ,https://business-data-62022.lightning.force.com/lightning/r/Opportunity/006jX000000670PQAQ/view,"Higher Occupational Certificate: Advertiser, Specialising in Digital Marketing - Qualification",Qualify,2026-07-26,,RY-OPP-00366176,Qualification,,2026-09-09T12:58:57.000+0000
006jX00000066ltQAA,https://business-data-62022.lightning.force.com/lightning/r/Opportunity/006jX00000066ltQAA/view,Shopper Marketing - Offer Made,Qualify,2022-06-21,,RY-OPP-00368429,Offer Made,12532.85,2026-09-09T12:56:16.000+0000
006jX00000065MpQAI,https://business-data-62022.lightning.force.com/lightning/r/Opportunity/006jX00000065MpQAI/view,People Management - Application Sent,Qualify,2023-07-03,,RY-OPP-00368590,Application Sent,10052.38,2026-09-09T12:55:13.000+0000
006jX00000066iiQAA,https://business-data-62022.lightning.force.com/lightning/r/Opportunity/006jX00000066iiQAA/view,Shopper Marketing - Offer Made,Qualify,2023-12-11,,RY-OPP-00373204,Offer Made,12297.13,2026-09-09T12:57:27.000+0000
006jX00000066SZQAY,https://business-data-62022.lightning.force.com/lightning/r/Opportunity/006jX00000066SZQAY/view,"Higher Occupational Certificate: Advertiser, Specialising in Digital Marketing - Qualification",Qualify,2024-02-09,,RY-OPP-00378205,Qualification,,2026-09-09T12:53:43.000+0000
006jX00000062ATQAY,https://business-data-62022.lightning.force.com/lightning/r/Opportunity/006jX00000062ATQAY/view,Data Analysis - Application Sent,Qualify,2023-08-16,,RY-OPP-00386598,Application Sent,10664.08,2026-09-09T12:54:03.000+0000
006jX00000060jnQAA,https://business-data-62022.lightning.force.com/lightning/r/Opportunity/006jX00000060jnQAA/view,Customer Experience - Closed Won,Qualify,2023-03-02,,RY-OPP-00395148,Closed Won,12802.97,2026-09-09T12:54:52.000+0000
006jX00000063HnQAI,https://business-data-62022.lightning.force.com/lightning/r/Opportunity/006jX00000063HnQAI/view,Public Relations - Application Received,Qualify,2025-07-24,,RY-OPP-00402647,Application Received,15756.64,2026-09-09T12:53:02.000+0000
006jX00000066nVQAQ,https://business-data-62022.lightning.force.com/lightning/r/Opportunity/006jX00000066nVQAQ/view,"Higher Occupational Certificate: Advertiser, Specialising in Digital Marketing - Closed Won",Qualify,2025-03-17,,RY-OPP-00403437,Closed Won,,2026-09-09T12:56:24.000+0000
006jX00000066XOQAY,https://business-data-62022.lightning.force.com/lightning/r/Opportunity/006jX00000066XOQAY/view,Desktop Publishing with InDesign - Qualification,Qualify,2026-03-12,,RY-OPP-00405781,Qualification,,2026-09-09T12:53:30.000+0000
006jX00000063b9QAA,https://business-data-62022.lightning.force.com/lightning/r/Opportunity/006jX00000063b9QAA/view,Media Planning - Closed Lost,Qualify,2023-06-05,,RY-OPP-00407092,Closed Lost,,2026-09-09T12:55:26.000+0000
006jX00000066fSQAQ,https://business-data-62022.lightning.force.com/lightning/r/Opportunity/006jX00000066fSQAQ/view,Digital Marketing Professional - Application Sent,Qualify,2023-09-02,,RY-OPP-00412472,Application Sent,,2026-09-09T12:54:59.000+0000
006jX00000062gmQAA,https://business-data-62022.lightning.force.com/lightning/r/Opportunity/006jX00000062gmQAA/view,Media Planning - Qualification,Qualify,2023-08-21,,RY-OPP-00414604,Qualification,12481.5,2026-09-09T12:57:54.000+0000
006jX00000062NNQAY,https://business-data-62022.lightning.force.com/lightning/r/Opportunity/006jX00000062NNQAY/view,Shopper Marketing - Qualification,Qualify,2026-06-18,,RY-OPP-00417674,Qualification,14774.49,2026-09-09T12:57:52.000+0000
006jX00000066p9QAA,https://business-data-62022.lightning.force.com/lightning/r/Opportunity/006jX00000066p9QAA/view,Copywriting - Closed Won,Qualify,2026-07-15,,RY-OPP-00419328,Closed Won,11227.58,2026-09-09T12:56:50.000+0000
006jX00000064PAQAY,https://business-data-62022.lightning.force.com/lightning/r/Opportunity/006jX00000064PAQAY/view,Interior Decorating - Qualification,Qualify,2026-01-11,,RY-OPP-00420461,Qualification,15065.27,2026-09-09T12:54:01.000+0000
006jX00000062DlQAI,https://business-data-62022.lightning.force.com/lightning/r/Opportunity/006jX00000062DlQAI/view,Higher Certificate in Marketing and Branding - Offer Made,Qualify,2022-06-02,,RY-OPP-00427839,Offer Made,,2026-09-09T12:55:11.000+0000
006jX00000061PgQAI,https://business-data-62022.lightning.force.com/lightning/r/Opportunity/006jX00000061PgQAI/view,Storytelling for Impact & Influence - Application Sent,Qualify,2025-08-11,,RY-OPP-00431824,Application Sent,6164.94,2026-09-09T12:57:09.000+0000
006jX00000065WXQAY,https://business-data-62022.lightning.force.com/lightning/r/Opportunity/006jX00000065WXQAY/view,Operational Finance - Enquiry,Qualify,2026-02-17,,RY-OPP-00431877,Enquiry,11574.03,2026-09-09T12:54:32.000+0000
006jX000000651sQAA,https://business-data-62022.lightning.force.com/lightning/r/Opportunity/006jX000000651sQAA/view,Design Thinking - Closed Lost,Qualify,2026-06-09,,RY-OPP-00434468,Closed Lost,10798.04,2026-09-09T12:55:09.000+0000
006jX00000065yoQAA,https://business-data-62022.lightning.force.com/lightning/r/Opportunity/006jX00000065yoQAA/view,Strategic Foresight for Leaders - Enquiry,Qualify,2026-06-24,,RY-OPP-00435938,Enquiry,22233.72,2026-09-09T12:57:33.000+0000
006jX00000065Q3QAI,https://business-data-62022.lightning.force.com/lightning/r/Opportunity/006jX00000065Q3QAI/view,People Management - Enquiry,Qualify,2025-01-23,,RY-OPP-00440064,Enquiry,11166.57,2026-09-09T12:55:04.000+0000
006jX00000066vZQAQ,https://business-data-62022.lightning.force.com/lightning/r/Opportunity/006jX00000066vZQAQ/view,Public Relations - Application Received,Qualify,2022-11-23,,RY-OPP-00440801,Application Received,14251.77,2026-09-09T12:58:45.000+0000
006jX00000065RjQAI,https://business-data-62022.lightning.force.com/lightning/r/Opportunity/006jX00000065RjQAI/view,Digital Content & Copywriting - Qualification,Qualify,2022-10-21,,RY-OPP-00441591,Qualification,13601.79,2026-09-09T12:53:18.000+0000
006jX00000066ynQAA,https://business-data-62022.lightning.force.com/lightning/r/Opportunity/006jX00000066ynQAA/view,Brand as Capital - Application Sent,Qualify,2025-05-27,,RY-OPP-00445002,Application Sent,20067.24,2026-09-09T12:58:50.000+0000
006jX00000062f7QAA,https://business-data-62022.lightning.force.com/lightning/r/Opportunity/006jX00000062f7QAA/view,Part-Time Postgraduate Diploma in Management - Offer Made,Qualify,2026-09-04,,RY-OPP-00446248,Offer Made,,2026-09-09T12:59:04.000+0000
006jX00000063fzQAA,https://business-data-62022.lightning.force.com/lightning/r/Opportunity/006jX00000063fzQAA/view,Social Media Marketing - Offer Made,Qualify,2024-12-06,,RY-OPP-00447256,Offer Made,,2026-09-09T12:56:15.000+0000
006jX00000062C5QAI,https://business-data-62022.lightning.force.com/lightning/r/Opportunity/006jX00000062C5QAI/view,Digital Marketing Professional - Offer Made,Qualify,2025-11-18,,RY-OPP-00447420,Offer Made,,2026-09-09T12:59:33.000+0000
006jX00000064oxQAA,https://business-data-62022.lightning.force.com/lightning/r/Opportunity/006jX00000064oxQAA/view,Media Planning - Application Received,Qualify,2026-10-28,,RY-OPP-00451765,Application Received,10544.86,2026-09-09T12:57:21.000+0000
006jX00000064gxQAA,https://business-data-62022.lightning.force.com/lightning/r/Opportunity/006jX00000064gxQAA/view,Sports Sponsorship Marketing - Application Received,Qualify,2023-06-07,,RY-OPP-00453026,Application Received,,2026-09-09T12:58:54.000+0000
006jX00000066KVQAY,https://business-data-62022.lightning.force.com/lightning/r/Opportunity/006jX00000066KVQAY/view,Public Relations - Enquiry,Qualify,2025-11-23,,RY-OPP-00454762,Enquiry,13133.34,2026-09-09T12:58:24.000+0000
006jX00000067A5QAI,https://business-data-62022.lightning.force.com/lightning/r/Opportunity/006jX00000067A5QAI/view,Business Analysis - Enquiry,Qualify,2025-10-26,,RY-OPP-00455597,Enquiry,12561.32,2026-09-09T12:59:39.000+0000
006jX000000645nQAA,https://business-data-62022.lightning.force.com/lightning/r/Opportunity/006jX000000645nQAA/view,Performance Marketing - Closed Won,Qualify,2024-08-23,,RY-OPP-00463681,Closed Won,12122.1,2026-09-09T12:59:41.000+0000
006jX00000062LjQAI,https://business-data-62022.lightning.force.com/lightning/r/Opportunity/006jX00000062LjQAI/view,Customer Experience - Qualification,Qualify,2022-10-31,,RY-OPP-00465200,Qualification,10364.35,2026-09-09T12:59:06.000+0000
006jX00000066ifQAA,https://business-data-62022.lightning.force.com/lightning/r/Opportunity/006jX00000066ifQAA/view,Performance Marketing - Offer Made,Qualify,2022-10-14,,RY-OPP-00465702,Offer Made,10288.91,2026-09-09T12:55:17.000+0000
006jX00000066BjQAI,https://business-data-62022.lightning.force.com/lightning/r/Opportunity/006jX00000066BjQAI/view,Strategic Foresight for Leaders - Qualification,Qualify,2025-03-12,,RY-OPP-00473912,Qualification,23085.72,2026-09-09T12:52:39.000+0000
006jX00000061EOQAY,https://business-data-62022.lightning.force.com/lightning/r/Opportunity/006jX00000061EOQAY/view,Postgraduate Diploma in Management - Closed Won,Qualify,2026-11-09,,RY-OPP-00476014,Closed Won,,2026-09-09T12:58:26.000+0000
006jX00000063HpQAI,https://business-data-62022.lightning.force.com/lightning/r/Opportunity/006jX00000063HpQAI/view,Mentorship - Application Sent,Qualify,2023-11-15,,RY-OPP-00476516,Application Sent,5243.16,2026-09-09T12:56:13.000+0000
006jX00000063uUQAQ,https://business-data-62022.lightning.force.com/lightning/r/Opportunity/006jX00000063uUQAQ/view,Design Thinking - Application Received,Qualify,2023-11-05,,RY-OPP-00477428,Application Received,10013.58,2026-09-09T12:54:20.000+0000
006jX00000063uZQAQ,https://business-data-62022.lightning.force.com/lightning/r/Opportunity/006jX00000063uZQAQ/view,Digital Marketing Professional - Enquiry,Qualify,2023-01-10,,RY-OPP-00479595,Enquiry,,2026-09-09T12:57:10.000+0000
006jX000000620pQAA,https://business-data-62022.lightning.force.com/lightning/r/Opportunity/006jX000000620pQAA/view,Higher Certificate in Marketing and Branding - Enquiry,Qualify,2024-01-04,,RY-OPP-00480067,Enquiry,,2026-09-09T12:55:51.000+0000
006jX00000064H4QAI,https://business-data-62022.lightning.force.com/lightning/r/Opportunity/006jX00000064H4QAI/view,Brand as Capital - Closed Won,Qualify,2025-07-27,,RY-OPP-00480727,Closed Won,26462.87,2026-09-09T12:55:06.000+0000
006jX00000061j4QAA,https://business-data-62022.lightning.force.com/lightning/r/Opportunity/006jX00000061j4QAA/view,Desktop Publishing with InDesign - Application Sent,Qualify,2024-09-06,,RY-OPP-00480862,Application Sent,,2026-09-09T12:54:04.000+0000
006jX00000065RhQAI,https://business-data-62022.lightning.force.com/lightning/r/Opportunity/006jX00000065RhQAI/view,Sustainable Marketing - Qualification,Qualify,2022-09-23,,RY-OPP-00482413,Qualification,,2026-09-09T12:53:12.000+0000
006jX00000064KLQAY,https://business-data-62022.lightning.force.com/lightning/r/Opportunity/006jX00000064KLQAY/view,Management Development Programme: Agency Leadership - Offer Made,Qualify,2023-11-10,,RY-OPP-00483895,Offer Made,35638.22,2026-09-09T12:53:10.000+0000
006jX00000064nLQAQ,https://business-data-62022.lightning.force.com/lightning/r/Opportunity/006jX00000064nLQAQ/view,Storytelling for Impact & Influence - Application Sent,Qualify,2025-03-13,,RY-OPP-00484313,Application Sent,5094.71,2026-09-09T12:54:10.000+0000
006jX00000064x3QAA,https://business-data-62022.lightning.force.com/lightning/r/Opportunity/006jX00000064x3QAA/view,Sports Sponsorship Marketing - Application Received,Qualify,2025-02-10,,RY-OPP-00486547,Application Received,,2026-09-09T12:59:18.000+0000
006jX00000066FhQAI,https://business-data-62022.lightning.force.com/lightning/r/Opportunity/006jX00000066FhQAI/view,Higher Certificate in Business Management - Application Sent,Qualify,2024-05-28,,RY-OPP-00489641,Application Sent,,2026-09-09T12:57:14.000+0000
006jX00000065MoQAI,https://business-data-62022.lightning.force.com/lightning/r/Opportunity/006jX00000065MoQAI/view,Digital Marketing Professional - Application Sent,Qualify,2025-04-29,,RY-OPP-00493475,Application Sent,,2026-09-09T12:54:14.000+0000
006jX00000064x4QAA,https://business-data-62022.lightning.force.com/lightning/r/Opportunity/006jX00000064x4QAA/view,Creative Thinking - Enquiry,Qualify,2025-01-18,,RY-OPP-00494750,Enquiry,4897.05,2026-09-09T12:59:45.000+0000
006jX00000064CHQAY,https://business-data-62022.lightning.force.com/lightning/r/Opportunity/006jX00000064CHQAY/view,Storytelling for Impact & Influence - Closed Lost,Qualify,2025-06-11,,RY-OPP-00495548,Closed Lost,6042.18,2026-09-09T12:58:36.000+0000
006jX00000065MqQAI,https://business-data-62022.lightning.force.com/lightning/r/Opportunity/006jX00000065MqQAI/view,Sales & Account Management - Qualification,Qualify,2025-03-25,,RY-OPP-00496971,Qualification,3917.11,2026-09-09T12:55:59.000+0000
006jX00000062nBQAQ,https://business-data-62022.lightning.force.com/lightning/r/Opportunity/006jX00000062nBQAQ/view,Part-Time Postgraduate Diploma in Management - Application Sent,Qualify,2023-09-17,,RY-OPP-00497158,Application Sent,,2026-09-09T12:57:41.000+0000
006jX00000062nAQAQ,https://business-data-62022.lightning.force.com/lightning/r/Opportunity/006jX00000062nAQAQ/view,Operational Finance - Closed Won,Qualify,2024-09-27,,RY-OPP-00498806,Closed Won,12039.03,2026-09-09T12:53:45.000+0000
006jX00000062vCQAQ,https://business-data-62022.lightning.force.com/lightning/r/Opportunity/006jX00000062vCQAQ/view,Part-Time Postgraduate Diploma in Management - Qualification,Qualify,2022-10-24,,RY-OPP-00506249,Qualification,,2026-09-09T12:58:37.000+0000
006jX00000066pAQAQ,https://business-data-62022.lightning.force.com/lightning/r/Opportunity/006jX00000066pAQAQ/view,Public Relations - Application Sent,Qualify,2025-12-02,,RY-OPP-00508150,Application Sent,11882.46,2026-09-09T12:58:11.000+0000
006jX00000063rPQAQ,https://business-data-62022.lightning.force.com/lightning/r/Opportunity/006jX00000063rPQAQ/view,Higher Certificate in Marketing and Branding - Application Received,Qualify,2022-11-03,,RY-OPP-00511806,Application Received,,2026-09-09T12:55:01.000+0000
006jX00000065oEQAQ,https://business-data-62022.lightning.force.com/lightning/r/Opportunity/006jX00000065oEQAQ/view,Data Analysis - Closed Won,Qualify,2024-06-09,,RY-OPP-00513355,Closed Won,12182.69,2026-09-09T12:54:40.000+0000
006jX00000066ilQAA,https://business-data-62022.lightning.force.com/lightning/r/Opportunity/006jX00000066ilQAA/view,Creative Thinking - Qualification,Qualify,2022-07-01,,RY-OPP-00513381,Qualification,3686.4,2026-09-09T12:57:45.000+0000
006jX00000065hnQAA,https://business-data-62022.lightning.force.com/lightning/r/Opportunity/006jX00000065hnQAA/view,Part-Time Postgraduate Diploma in Digital Marketing - Qualification,Qualify,2024-03-04,,RY-OPP-00515974,Qualification,,2026-09-09T13:00:02.000+0000
006jX00000065l1QAA,https://business-data-62022.lightning.force.com/lightning/r/Opportunity/006jX00000065l1QAA/view,Data Visualisation for Designers - Qualification,Qualify,2024-06-17,,RY-OPP-00516237,Qualification,14576.39,2026-09-09T12:54:36.000+0000
006jX00000064nMQAQ,https://business-data-62022.lightning.force.com/lightning/r/Opportunity/006jX00000064nMQAQ/view,Higher Certificate in Business Management - Qualification,Qualify,2025-10-29,,RY-OPP-00517028,Qualification,,2026-09-09T12:54:11.000+0000
006jX00000061j5QAA,https://business-data-62022.lightning.force.com/lightning/r/Opportunity/006jX00000061j5QAA/view,Operational Finance - Qualification,Qualify,2022-07-15,,RY-OPP-00517139,Qualification,10098.9,2026-09-09T12:58:18.000+0000
006jX00000061KpQAI,https://business-data-62022.lightning.force.com/lightning/r/Opportunity/006jX00000061KpQAI/view,Part-Time Postgraduate Diploma in Management - Closed Lost,Qualify,2025-07-20,,RY-OPP-00523563,Closed Lost,,2026-09-09T12:54:38.000+0000
006jX00000066nWQAQ,https://business-data-62022.lightning.force.com/lightning/r/Opportunity/006jX00000066nWQAQ/view,Part-Time Higher Certificate in Graphic Design - Qualification,Qualify,2022-06-15,,RY-OPP-00524339,Qualification,,2026-09-09T12:58:39.000+0000
006jX000000631gQAA,https://business-data-62022.lightning.force.com/lightning/r/Opportunity/006jX000000631gQAA/view,Management Development Programme: Agency Leadership - Application Received,Qualify,2025-10-24,,RY-OPP-00531290,Application Received,28533.04,2026-09-09T12:59:49.000+0000
006jX00000061zDQAQ,https://business-data-62022.lightning.force.com/lightning/r/Opportunity/006jX00000061zDQAQ/view,Graphic Design Intermediate with Adobe Photoshop - Application Received,Qualify,2024-06-01,,RY-OPP-00534394,Application Received,13989.49,2026-09-09T12:57:17.000+0000
006jX00000061frQAA,https://business-data-62022.lightning.force.com/lightning/r/Opportunity/006jX00000061frQAA/view,Storytelling for Impact & Influence - Application Sent,Qualify,2026-09-15,,RY-OPP-00540182,Application Sent,4738.65,2026-09-09T12:58:22.000+0000
006jX00000062iKQAQ,https://business-data-62022.lightning.force.com/lightning/r/Opportunity/006jX00000062iKQAQ/view,"Higher Occupational Certificate: Advertiser, Specialising in Digital Marketing - Closed Won",Qualify,2025-01-01,,RY-OPP-00540301,Closed Won,,2026-09-09T12:53:23.000+0000
006jX00000065bNQAQ,https://business-data-62022.lightning.force.com/lightning/r/Opportunity/006jX00000065bNQAQ/view,Digital Marketing Professional - Offer Made,Qualify,2025-12-29,,RY-OPP-00540975,Offer Made,,2026-09-09T12:52:38.000+0000
006jX00000066HGQAY,https://business-data-62022.lightning.force.com/lightning/r/Opportunity/006jX00000066HGQAY/view,"Higher Occupational Certificate: Advertiser, Specialising in Digital Marketing - Enquiry",Qualify,2022-03-21,,RY-OPP-00542520,Enquiry,,2026-09-09T12:54:29.000+0000
006jX00000066sLQAQ,https://business-data-62022.lightning.force.com/lightning/r/Opportunity/006jX00000066sLQAQ/view,User Experience Design - Application Received,Qualify,2024-09-19,,RY-OPP-00546413,Application Received,,2026-09-09T12:57:25.000+0000
006jX00000066txQAA,https://business-data-62022.lightning.force.com/lightning/r/Opportunity/006jX00000066txQAA/view,Graphic Design Intermediate with Adobe Photoshop - Qualification,Qualify,2022-07-13,,RY-OPP-00555331,Qualification,13687.49,2026-09-09T12:58:16.000+0000
006jX00000063McQAI,https://business-data-62022.lightning.force.com/lightning/r/Opportunity/006jX00000063McQAI/view,People Management - Closed Won,Qualify,2022-05-23,,RY-OPP-00561908,Closed Won,10343.94,2026-09-09T12:55:18.000+0000
006jX00000066Z0QAI,https://business-data-62022.lightning.force.com/lightning/r/Opportunity/006jX00000066Z0QAI/view,User Experience Design - Application Sent,Qualify,2024-07-22,,RY-OPP-00562583,Application Sent,,2026-09-09T12:57:31.000+0000
006jX00000066IsQAI,https://business-data-62022.lightning.force.com/lightning/r/Opportunity/006jX00000066IsQAI/view,Higher Certificate in Marketing and Branding - Application Received,Qualify,2026-12-16,,RY-OPP-00565948,Application Received,,2026-09-09T12:55:08.000+0000
006jX00000062nCQAQ,https://business-data-62022.lightning.force.com/lightning/r/Opportunity/006jX00000062nCQAQ/view,Strategic Foresight for Leaders - Application Sent,Qualify,2026-01-24,,RY-OPP-00573970,Application Sent,25192.64,2026-09-09T12:58:08.000+0000
006jX00000063uYQAQ,https://business-data-62022.lightning.force.com/lightning/r/Opportunity/006jX00000063uYQAQ/view,Higher Certificate in Business Management - Application Sent,Qualify,2024-06-16,,RY-OPP-00575231,Application Sent,,2026-09-09T12:55:49.000+0000
006jX00000061CoQAI,https://business-data-62022.lightning.force.com/lightning/r/Opportunity/006jX00000061CoQAI/view,Desktop Publishing with InDesign - Application Received,Qualify,2025-09-17,,RY-OPP-00578607,Application Received,,2026-09-09T12:53:32.000+0000
006jX00000064nKQAQ,https://business-data-62022.lightning.force.com/lightning/r/Opportunity/006jX00000064nKQAQ/view,Rebel Leadership - Application Sent,Qualify,2026-11-15,,RY-OPP-00583243,Application Sent,23595.38,2026-09-09T12:52:41.000+0000
006jX00000066R0QAI,https://business-data-62022.lightning.force.com/lightning/r/Opportunity/006jX00000066R0QAI/view,Creative Thinking - Qualification,Qualify,2024-04-27,,RY-OPP-00584145,Qualification,4635.71,2026-09-09T12:54:06.000+0000
006jX00000065oFQAQ,https://business-data-62022.lightning.force.com/lightning/r/Opportunity/006jX00000065oFQAQ/view,Part-Time Higher Certificate in Marketing and Branding - Closed Lost,Qualify,2023-01-04,,RY-OPP-00587931,Closed Lost,,2026-09-09T12:55:43.000+0000
006jX00000060jlQAA,https://business-data-62022.lightning.force.com/lightning/r/Opportunity/006jX00000060jlQAA/view,AI & Executive Judgement - Offer Made,Qualify,2024-03-07,,RY-OPP-00591396,Offer Made,26824.06,2026-09-09T12:52:59.000+0000
006jX00000064VcQAI,https://business-data-62022.lightning.force.com/lightning/r/Opportunity/006jX00000064VcQAI/view,Interior Decorating - Application Sent,Qualify,2024-02-11,,RY-OPP-00596173,Application Sent,12346.61,2026-09-09T12:56:37.000+0000
006jX000000644CQAQ,https://business-data-62022.lightning.force.com/lightning/r/Opportunity/006jX000000644CQAQ/view,Project Management - Application Sent,Qualify,2025-08-29,,RY-OPP-00597283,Application Sent,11521.59,2026-09-09T12:56:05.000+0000
006jX00000066QxQAI,https://business-data-62022.lightning.force.com/lightning/r/Opportunity/006jX00000066QxQAI/view,Media Planning - Qualification,Qualify,2026-04-27,,RY-OPP-00598306,Qualification,12483.01,2026-09-09T12:53:09.000+0000
006jX000000656iQAA,https://business-data-62022.lightning.force.com/lightning/r/Opportunity/006jX000000656iQAA/view,"Higher Occupational Certificate: Advertiser, Specialising in Digital Marketing - Enquiry",Qualify,2024-07-24,,RY-OPP-00608247,Enquiry,,2026-09-09T12:53:34.000+0000
006jX00000063jEQAQ,https://business-data-62022.lightning.force.com/lightning/r/Opportunity/006jX00000063jEQAQ/view,Project Management - Enquiry,Qualify,2026-04-26,,RY-OPP-00612607,Enquiry,13254.36,2026-09-09T12:54:56.000+0000
006jX00000063MdQAI,https://business-data-62022.lightning.force.com/lightning/r/Opportunity/006jX00000063MdQAI/view,Design Thinking - Application Received,Qualify,2024-08-07,,RY-OPP-00613784,Application Received,10162.11,2026-09-09T12:59:32.000+0000
006jX0000006389QAA,https://business-data-62022.lightning.force.com/lightning/r/Opportunity/006jX0000006389QAA/view,Creative Thinking - Closed Lost,Qualify,2022-05-29,,RY-OPP-00620787,Closed Lost,3578.11,2026-09-09T12:55:45.000+0000
006jX00000062iLQAQ,https://business-data-62022.lightning.force.com/lightning/r/Opportunity/006jX00000062iLQAQ/view,Interior Decorating - Qualification,Qualify,2026-09-23,,RY-OPP-00621482,Qualification,13859.52,2026-09-09T12:56:41.000+0000
006jX000000647PQAQ,https://business-data-62022.lightning.force.com/lightning/r/Opportunity/006jX000000647PQAQ/view,Mentorship - Application Sent,Qualify,2025-05-11,,RY-OPP-00625867,Application Sent,5303.37,2026-09-09T11:32:08.000+0000
006jX00000062VVQAY,https://business-data-62022.lightning.force.com/lightning/r/Opportunity/006jX00000062VVQAY/view,Part-Time Postgraduate Diploma in Management - Offer Made,Qualify,2026-03-07,,RY-OPP-00627233,Offer Made,,2026-09-09T12:57:47.000+0000
006jX00000066h4QAA,https://business-data-62022.lightning.force.com/lightning/r/Opportunity/006jX00000066h4QAA/view,Graphic Design Beginner - Qualification,Qualify,2024-04-13,,RY-OPP-00631492,Qualification,14229.23,2026-09-09T12:55:35.000+0000
006jX000000673dQAA,https://business-data-62022.lightning.force.com/lightning/r/Opportunity/006jX000000673dQAA/view,Management Development Programme: Agency Leadership - Application Received,Qualify,2025-04-21,,RY-OPP-00632602,Application Received,34656.38,2026-09-09T12:59:08.000+0000
006jX00000066FeQAI,https://business-data-62022.lightning.force.com/lightning/r/Opportunity/006jX00000066FeQAI/view,"Higher Occupational Certificate: Advertiser, Specialising in Digital Marketing - Enquiry",Qualify,2023-10-02,,RY-OPP-00635292,Enquiry,,2026-09-09T12:52:50.000+0000
006jX00000066igQAA,https://business-data-62022.lightning.force.com/lightning/r/Opportunity/006jX00000066igQAA/view,Higher Certificate in Business Management - Application Sent,Qualify,2026-10-22,,RY-OPP-00635374,Application Sent,,2026-09-09T12:55:38.000+0000
006jX000000614mQAA,https://business-data-62022.lightning.force.com/lightning/r/Opportunity/006jX000000614mQAA/view,Shopper Marketing - Offer Made,Qualify,2024-03-24,,RY-OPP-00636282,Offer Made,14089.65,2026-09-09T12:55:46.000+0000
006jX00000066ijQAA,https://business-data-62022.lightning.force.com/lightning/r/Opportunity/006jX00000066ijQAA/view,Media Planning - Qualification,Qualify,2026-01-17,,RY-OPP-00639932,Qualification,10688.94,2026-09-09T12:57:29.000+0000
006jX00000062VWQAY,https://business-data-62022.lightning.force.com/lightning/r/Opportunity/006jX00000062VWQAY/view,Higher Certificate in Business Management - Offer Made,Qualify,2026-01-01,,RY-OPP-00640949,Offer Made,,2026-09-09T12:58:02.000+0000
006jX000000640wQAA,https://business-data-62022.lightning.force.com/lightning/r/Opportunity/006jX000000640wQAA/view,Strategic Foresight for Leaders - Closed Lost,Qualify,2024-07-15,,RY-OPP-00641237,Closed Lost,24232.02,2026-09-09T12:53:16.000+0000
006jX00000061XjQAI,https://business-data-62022.lightning.force.com/lightning/r/Opportunity/006jX00000061XjQAI/view,AI & Executive Judgement - Application Received,Qualify,2024-01-08,,RY-OPP-00642253,Application Received,19768.44,2026-09-09T12:55:41.000+0000
006jX00000062NLQAY,https://business-data-62022.lightning.force.com/lightning/r/Opportunity/006jX00000062NLQAY/view,Public Relations - Qualification,Qualify,2026-10-01,,RY-OPP-00643423,Qualification,12548.64,2026-09-09T12:57:19.000+0000
006jX00000065rSQAQ,https://business-data-62022.lightning.force.com/lightning/r/Opportunity/006jX00000065rSQAQ/view,Operational Finance - Closed Won,Qualify,2023-05-07,,RY-OPP-00650718,Closed Won,11782.07,2026-09-09T12:55:32.000+0000
006jX00000061JDQAY,https://business-data-62022.lightning.force.com/lightning/r/Opportunity/006jX00000061JDQAY/view,Data Analysis for Marketers - Application Received,Qualify,2025-05-19,,RY-OPP-00650781,Application Received,12312.91,2026-09-09T12:52:54.000+0000
006jX000000676rQAA,https://business-data-62022.lightning.force.com/lightning/r/Opportunity/006jX000000676rQAA/view,Business Analysis - Qualification,Qualify,2026-12-06,,RY-OPP-00652000,Qualification,10979.35,2026-09-09T12:59:26.000+0000
006jX00000062gkQAA,https://business-data-62022.lightning.force.com/lightning/r/Opportunity/006jX00000062gkQAA/view,Data Analysis for Marketers - Enquiry,Qualify,2026-10-04,,RY-OPP-00658303,Enquiry,12883.32,2026-09-09T12:56:39.000+0000
006jX00000063pfQAA,https://business-data-62022.lightning.force.com/lightning/r/Opportunity/006jX00000063pfQAA/view,Data Visualisation for Designers - Enquiry,Qualify,2024-02-27,,RY-OPP-00658497,Enquiry,12617.46,2026-09-09T12:59:25.000+0000
006jX00000066QyQAI,https://business-data-62022.lightning.force.com/lightning/r/Opportunity/006jX00000066QyQAI/view,Design Thinking - Enquiry,Qualify,2026-02-24,,RY-OPP-00667730,Enquiry,11269.48,2026-09-09T12:53:20.000+0000
006jX00000065D8QAI,https://business-data-62022.lightning.force.com/lightning/r/Opportunity/006jX00000065D8QAI/view,Interior Decorating - Application Received,Qualify,2022-09-22,,RY-OPP-00680566,Application Received,12765.33,2026-09-09T12:52:44.000+0000
006jX00000061ayQAA,https://business-data-62022.lightning.force.com/lightning/r/Opportunity/006jX00000061ayQAA/view,Higher Certificate in Business Management - Application Received,Qualify,2025-07-29,,RY-OPP-00682695,Application Received,,2026-09-09T12:59:02.000+0000
006jX00000063uVQAQ,https://business-data-62022.lightning.force.com/lightning/r/Opportunity/006jX00000063uVQAQ/view,User Experience Design - Offer Made,Qualify,2024-12-25,,RY-OPP-00684096,Offer Made,,2026-09-09T12:54:24.000+0000
006jX00000061CpQAI,https://business-data-62022.lightning.force.com/lightning/r/Opportunity/006jX00000061CpQAI/view,People Management - Qualification,Qualify,2024-12-12,,RY-OPP-00690756,Qualification,13489.64,2026-09-09T12:53:38.000+0000
006jX00000066dpQAA,https://business-data-62022.lightning.force.com/lightning/r/Opportunity/006jX00000066dpQAA/view,Data Analysis - Closed Won,Qualify,2026-07-28,,RY-OPP-00695855,Closed Won,13222.09,2026-09-09T12:52:32.000+0000
006jX00000061pYQAQ,https://business-data-62022.lightning.force.com/lightning/r/Opportunity/006jX00000061pYQAQ/view,Higher Certificate in Marketing and Branding - Closed Lost,Qualify,2025-11-29,,RY-OPP-00702618,Closed Lost,,2026-09-09T12:54:08.000+0000
006jX00000067A6QAI,https://business-data-62022.lightning.force.com/lightning/r/Opportunity/006jX00000067A6QAI/view,Higher Certificate in Business Management - Offer Made,Qualify,2023-10-04,,RY-OPP-00703760,Offer Made,,2026-09-09T13:00:06.000+0000
