RY_External_ID__c,FirstName,LastName,Email,Account_Key
RY-CONT-01074357,Mandla,Sibiya,mandla.sibiya141@mweb.co.za,RY-ACC-0001
RY-CONT-00873418,Fatima,Sibiya,fatimasibiya19@gmail.com,
RY-CONT-00305999,Andile,Mokoena,andile.mokoena16@webmail.co.za,
RY-CONT-00686705,Ayanda,Govender,ayandagovender54@hotmail.com,RY-ACC-0004
RY-CONT-00205318,Tarryn,Ndlovu,tarryn.ndlovu145@hotmail.com,
RY-CONT-00421054,Katlego,Jansen,katlego.jansen25@gmail.com,
RY-CONT-00590309,Sibusiso,Pretorius,sibusisopretorius858@gmail.com,RY-ACC-0007
RY-CONT-00801065,Sarah,Pillay,sarahpillay669@gmail.com,
RY-CONT-00006042,Johan,Sithole,johan.sithole484@live.co.za,
RY-CONT-00470541,Thandiwe,Fourie,thandiwe_fourie519@webmail.co.za,RY-ACC-0010
RY-CONT-00318142,Ashwin,September,ashwin.september1@mweb.co.za,
RY-CONT-00673070,Katlego,Williams,katlego.williams614@gmail.com,
RY-CONT-00923154,Mandla  ,Ndlovu,mandla.ndlovu874@vodamail.co.za,RY-ACC-0013
RY-CONT-01113906,Mpho,Hendricks,mpho.hendricks192@gmail.com,
RY-CONT-00622466,Kyle,Steyn,kyle.steyn28@icloud.com,
RY-CONT-01126763,Bongani,Williams,bongani.williams233@gmail.com,RY-ACC-0016
RY-CONT-00772584,Mpho,Naidoo,mphonaidoo63@hotmail.com,
RY-CONT-00169282,Thandiwe,Venter,thandiwe.venter842@outlook.com,
RY-CONT-00277490,Chad,Adams,chadadamsx1.0@gmail.com,RY-ACC-0019
RY-CONT-00652914,Ayanda,Mabaso,ayanda.mabaso104@gmail.com,
RY-CONT-00694540,Nomsa,Pillay,nomsa.pillay786@yahoo.com,
RY-CONT-00448502,Palesa,Adams,palesa_adams8x1.0@gmail.com,RY-ACC-0022
RY-CONT-00533668,Zodwa,Steyn,zodwa.steyn49x1.0@gmail.com,
RY-CONT-00739999,Ayanda,Abrahams,ayanda.abrahams121@hotmail.com,
RY-CONT-00864954,Zanele,September,zanele.september141@live.co.za,RY-ACC-0025
RY-CONT-00510274,Shireen,Van Wyk,shireen.vanwyk22@hotmail.com,
RY-CONT-00009839,Anmarie,Govender,anmarie.govender10@icloud.com,
RY-CONT-00898251,Refilwe,Abrahams,,RY-ACC-0003
RY-CONT-01120273,Dewald,Radebe,dewaldradebe647@gmail.com,
RY-CONT-00084703,Lindiwe  ,Zulu,lindiwezulu71@vodamail.co.za,
RY-CONT-00803158,Pieter,Steyn,pieter.steyn73@hotmail.com,RY-ACC-0006
RY-CONT-00759749,Ashwin,Pretorius,ashwin.pretorius33@hotmail.com,
RY-CONT-00838608,Fatima,Mthembu,fatima.mthembu80@hotmail.com,
RY-CONT-00256266,Ryan,Adams,ryanadams78@mweb.co.za,RY-ACC-0009
RY-CONT-00919459,Tshepo,Naidoo,tshepo.naidoo183@gmail.com,
RY-CONT-01038912,tshepo,Van Wyk,tshepovanwyk465@gmail.com,
RY-CONT-00049021,Lwazi,Mthembu,lwazi_mthembu8@gmail.com,RY-ACC-0012
RY-CONT-00450608,Johan,Khumalo,johan.khumalo62@gmail.com,
RY-CONT-00083538,Refilwe,Isaacs,refilwe.isaacs947@gmail.com,
RY-CONT-00188064,Hendrik,Pillay,hendrikpillay59@gmail.com,RY-ACC-0015
RY-CONT-00166134,Nokuthula,Daniels,nokuthula_daniels40@gmail.com,
RY-CONT-01067588,Yusuf,Radebe,yusuf.radebe111@gmail.com,
RY-CONT-00813724,Kagiso,Radebe,kagiso.radebe121@icloud.com,RY-ACC-0018
RY-CONT-00413114,Mpho,Dlamini,mpho_dlamini9@gmail.com,
RY-CONT-00196019,Riaan,Naidoo,riaan.naidoo134@outlook.com,
RY-CONT-00663220,Fatima,Daniels,fatima_daniels3@yahoo.com,RY-ACC-0021
RY-CONT-00214427,Katlego,Abrahams,katlego.abrahams886@gmail.com,
RY-CONT-00723619,Daniel,Coetzee,daniel.coetzee57@gmail.com,
RY-CONT-00087791,James,Ndlovu  ,james.ndlovu846@gmail.com,RY-ACC-0024
RY-CONT-01126738,Pieter,Steyn,pieter.steyn247@yahoo.com,
RY-CONT-00285073,Mandla,Dlamini,mandla.dlamini13@outlook.com,
RY-CONT-00049105,Sarah,Fourie,sarah.fourie29@icloud.com,RY-ACC-0002
RY-CONT-00449759,Zodwa,Pillay,zodwa.pillay19@gmail.com,
RY-CONT-00626093,Sipho,Nortje,sipho.nortje469@gmail.com,
RY-CONT-00434736,Katlego,Molefe,katlego.molefe29@gmail.com,RY-ACC-0005
RY-CONT-00374345,zanele,Dlamini,zanele.dlamini57@gmail.com,
RY-CONT-00557865,Kagiso,Naidoo,kagiso.naidoo72@gmail.com,
RY-CONT-01031183,Mpho,Nkosi,mpho.nkosi352@icloud.com,RY-ACC-0008
RY-CONT-00736278,Anmarie,Nyathi,anmarie.nyathi37@icloud.com,
RY-CONT-00279356,Bongani,Khumalo,bongani.khumalo3@gmail.com,
RY-CONT-00946213,Naledi,Isaacs,naledi.isaacs104@gmail.com,RY-ACC-0011
RY-CONT-00895740,Sipho  ,Isaacs,sipho.isaacs142@hotmail.com,
RY-CONT-00519002,Kagiso,Mahlangu,kagiso.mahlangu77@gmail.com,
RY-CONT-00769962,Naledi,Isaacs,naledi.isaacs81@gmail.com,RY-ACC-0014
RY-CONT-00419883,Thabo,Smith,thabo.smith45@hotmail.com,
RY-CONT-00954496,Themba,Sithole,thembasithole77@icloud.com,
RY-CONT-00475603,Palesa,Venter,palesaventer18@gmail.com,RY-ACC-0017
RY-CONT-00764398,Thabo,Nel,thabo_nel359@gmail.com,
RY-CONT-00879331,Andile,Daniels,andile.daniels75@gmail.com,
RY-CONT-00825448,Kyle,Ndlovu,kylendlovu37@outlook.com,RY-ACC-0020
RY-CONT-00338756,Johan,Khumalo,johan.khumalo24@outlook.com,
RY-CONT-00397220,Roche,Radebe,roche_radebe29@webmail.co.za,
RY-CONT-00757563,Nkosinathi,Nkosi,nkosinathinkosi57@yahoo.com,RY-ACC-0023
RY-CONT-00714499,lindiwe,Molefe,lindiwemolefe53@gmail.com,
RY-CONT-00587469,Zanele,Fourie,zanele.fourie81@gmail.com,
RY-CONT-00450973,Tariq,Daniels,tariq.daniels8@vodamail.co.za,RY-ACC-0001
RY-CONT-01031431,Tariq,Van der Merwe,tariq.vandermerwe259@outlook.co.za,
RY-CONT-00973289,Sibusiso,Williams,sibusisowilliams72@gmail.com,
RY-CONT-00618553,Mandla,September,mandla.september58@gmail.com,RY-ACC-0004
RY-CONT-00183133,Willem,Dlamini,willem.dlamini235@mweb.co.za,
RY-CONT-00725989,NOMSA,Nel,nomsa_nel454@icloud.com,
RY-CONT-00765566,Chad,Sibiya,chad.sibiya45@gmail.com,RY-ACC-0007
RY-CONT-00622048,Kirsten,Van Wyk,kirsten.vanwyk563@outlook.com,
RY-CONT-01134112,Fatima,Dlamini,fatima.dlamini673@gmail.com,
RY-CONT-00212015,Mandla,Naidoo,mandla_naidoo47@gmail.com,RY-ACC-0010
RY-CONT-00005835,Roche,Botha,roche.botha@telkomsa.net,
RY-CONT-00324185,Katlego,Ndlovu,katlego.ndlovu19@gmail.co.za,
RY-CONT-00488277,Michael,Van Wyk,michaelvanwyk21@gmail.com,RY-ACC-0013
RY-CONT-00010754,Anmarie,Nel,anmarie.nel330@gmail.com,
RY-CONT-00563751,Shireen,Ndlovu,shireen.ndlovu33@gmail.com,
RY-CONT-00004506,Andile,Van Wyk,andile_vanwyk@gmail.com,RY-ACC-0016
RY-CONT-01161320,Riaan,Jacobs,riaan.jacobs550@telkomsa.net,
RY-CONT-00111548,Ayanda,Damons,ayandadamons37@gmail.com,
RY-CONT-00233405,Palesa,mthembu,palesamthembu175@gmail.com,RY-ACC-0019
RY-CONT-00486955,Katlego,du plessis,katlego.duplessis529@hotmail.com,
RY-CONT-00846872,Anmarie,Isaacs,anmarie.isaacs42@hotmail.com,
RY-CONT-00406778,Mandla,Ndlovu,mandla_ndlovu11@yahoo.com,RY-ACC-0022
RY-CONT-00024043,Sibusiso,Mokoena,sibusiso.mokoena49@gmail.com,
RY-CONT-00295891,Zaid,Smith,zaid.smith883@gmail.com,
RY-CONT-00887636,James,Mahlangu,jamesmahlangu722@yahoo.com,RY-ACC-0025
RY-CONT-00050426,Jessica,Ndlovu,jessicandlovu447@webmail.co.za,
RY-CONT-00080790,Nokuthula,GOVENDER,nokuthulagovender41@outlook.com,
RY-CONT-00589290,Elmarie  ,smith,elmarie.smith289@gmail.com,RY-ACC-0003
RY-CONT-00980346,Lerato,Du Plessis,lerato_duplessis42@gmail.com,
RY-CONT-00353843,Tarryn,Maseko,tarryn.maseko2@mweb.co.za,
RY-CONT-00133241,Sipho,Isaacs,siphoisaacs79@webmail.co.za,RY-ACC-0006
RY-CONT-00108936,Lerato,Radebe,lerato.radebe246@mweb.co.za,
RY-CONT-00881107,Nokuthula,Jacobs,nokuthula.jacobs113x1.0@outlook.com,
RY-CONT-00873494,Lindiwe,Molefe,lindiwemolefe429@hotmail.com,RY-ACC-0009
RY-CONT-00071333,Nkosinathi,Maseko,nkosinathi_maseko9@outlook.com,
RY-CONT-00063580,Chad,Zulu,chad_zulu5@gmail.com,
RY-CONT-00233531,Kagiso,Isaacs,kagiso.isaacs252@yahoo.com,RY-ACC-0012
RY-CONT-00514180,Lwazi,Dlamini,lwazi_dlamini10@gmail.com,
RY-CONT-00012661,Roche,Daniels,rochedaniels977@webmail.co.za,
RY-CONT-00745516,Tshepo,Zulu,tshepo.zulu117@gmail.com,RY-ACC-0015
RY-CONT-00734978,Zanele,nkosi,zanele.nkosi441@yahoo.com,
RY-CONT-00918661,Thabo,Williams,thabo.williams225@outlook.com,
RY-CONT-00206036,Sipho,Govender,sipho.govender693@yahoo.com,RY-ACC-0018
RY-CONT-01090976,Jessica,Fortuin  ,jessica.fortuin69@yahoo.com,
RY-CONT-00852322,Nadia,Du Plessis,nadia.duplessis728@gmail.com,
RY-CONT-00767563,Aisha,Mthembu,aishamthembu33x1.0@gmail.com,RY-ACC-0021
RY-CONT-01102137,Ayanda  ,Daniels,ayanda.daniels186@webmail.co.za,
RY-CONT-01092741,Zaid,Williams,zaid.williams143@telkomsa.net,
RY-CONT-01110592,Thabo,STEYN,thabo.steyn864@hotmail.com,RY-ACC-0024
RY-CONT-00669050,Michael,Dlamini,michaeldlamini42@gmail.com,
RY-CONT-00090681,Nkosinathi,Khumalo,nkosinathi.khumalo107@gmail.com,
RY-CONT-01026169,Lwazi,Maseko,lwazi.maseko320x1.0@gmail.com,RY-ACC-0002
RY-CONT-00000476,Roche,Mokoena,roche.mokoena412@mweb.co.za,
RY-CONT-00346587,Lerato,Govender,lerato.govender21@outlook.co.za,
RY-CONT-00234785,Yusuf,Steyn,yusuf.steyn141@gmail.com,RY-ACC-0005
RY-CONT-00951263,Mandla  ,Damons,mandla.damons722@gmail.com,
RY-CONT-00994042,Mpho,Mahlangu,mphomahlangu99@mweb.co.za,
RY-CONT-00728005,Thandiwe,Sithole,thandiwesithole12@yahoo.com,RY-ACC-0008
RY-CONT-00361832,Hendrik,Daniels,hendrikdaniels3@outlook.com,
RY-CONT-01091526,Johan,Radebe,johan.radebe470@icloud.com,
RY-CONT-00116894,Nadia,Coetzee,nadiacoetzee21@hotmail.com,RY-ACC-0011
RY-CONT-00536482,Katlego,Mokoena,katlego.mokoena547@gmail.com,
RY-CONT-01035195,Thandiwe,Ndlovu  ,thandiwe.ndlovu268@webmail.co.za,
RY-CONT-01138981,Mandla  ,Naidoo,mandlanaidoo113@icloud.com,RY-ACC-0014
RY-CONT-00503053,Megan,Moodley,megan.moodley327@gmail.com,
RY-CONT-00612674,Sibusiso,Hendricks,sibusiso.hendricks73@icloud.com,
RY-CONT-00010617,Lerato,Dlamini,lerato.dlamini29@live.co.za,RY-ACC-0017
RY-CONT-00155180,Palesa,Adams,palesa.adams259@icloud.com,
RY-CONT-00684327,Palesa,Isaacs,palesa.isaacs68@outlook.co.za,
RY-CONT-01133521,Themba,Van der Merwe,themba.vandermerwe204@telkomsa.net,RY-ACC-0020
RY-CONT-00262348,Kagiso,Dlamini,kagiso.dlamini233@vodamail.co.za,
RY-CONT-01066849,Refilwe,Venter,refilweventer570@gmail.com,
RY-CONT-01130362,Mpho,Coetzee,mpho.coetzee191@outlook.com,RY-ACC-0023
RY-CONT-00001396,Willem,Zulu,willem.zulu@gmail.com,
RY-CONT-00380091,Pieter,NYATHI,pieter.nyathi12@gmail.com,
RY-CONT-00432960,Naledi,Nortje,naledinortje10@gmail.com,RY-ACC-0001
RY-CONT-01143507,Lindiwe,Mokoena,lindiwe.mokoena223@webmail.co.za,
RY-CONT-00381855,Andile,Van Wyk,andile.vanwyk18@gmail.com,
RY-CONT-00485757,Zanele,Mthembu,zanele.mthembu79x1.0@gmail.com,RY-ACC-0004
RY-CONT-00545242,Riaan,Jacobs,riaanjacobs899@outlook.com,
RY-CONT-00098900,Thabo,Nkosi,thabo.nkosi638@telkomsa.net,
RY-CONT-00270996,Aisha,Dlamini,aishadlamini77@gmail.com,RY-ACC-0007
RY-CONT-00406406,Ashwin,Mahlangu,ashwin.mahlangu3@gmail.com,
RY-CONT-00838266,Nomsa,Smith,nomsa.smith146@icloud.com,
RY-CONT-01053891,PIETER,Nyathi,pieternyathi62@outlook.com,RY-ACC-0010
RY-CONT-00472675,Ryan,Van der Merwe,ryan.vandermerwe482@gmail.com,
RY-CONT-00130417,Tshepo,Fourie,tshepofourie65@gmail.com,
RY-CONT-00488536,Lerato,Fortuin  ,lerato.fortuin44@telkomsa.net,RY-ACC-0013
RY-CONT-00554362,Mandla,Daniels,mandla.daniels820@gmail.com,
RY-CONT-00237848,Johan,Dlamini,johan.dlamini3601@gmail.com,
RY-CONT-00071088,Nomsa,Pillay,nomsa.pillay145@gmail.com,RY-ACC-0016
RY-CONT-00267616,Kagiso,Govender,,
RY-CONT-01154914,James,Dlamini,james.dlamini998@gmail.com,
RY-CONT-00461751,Nomsa,Jacobs,nomsa.jacobs638@gmail.com,RY-ACC-0019
RY-CONT-00321710,Palesa,Ndlovu,palesandlovu12@mweb.co.za,
RY-CONT-00826081,Jessica,Jacobs,jessica.jacobs819@outlook.com,
RY-CONT-00680822,Jessica,Steyn,jessicasteyn23@icloud.com,RY-ACC-0022
RY-CONT-01119885,Tshepo,Mabaso,tshepo.mabaso197@yahoo.com,
RY-CONT-00417707,Thandiwe,Dlamini,thandiwe_dlamini9@gmail.com,
RY-CONT-00820857,Sibusiso,Hendricks,sibusiso_hendricks15x1.0@gmail.com,RY-ACC-0025
RY-CONT-00453438,Zanele,Khumalo,,
RY-CONT-00880838,Sibusiso,Petersen,sibusiso.petersen112@yahoo.com,
RY-CONT-00784249,Kirsten,Sibiya,kirstensibiya22@gmail.com,RY-ACC-0003
RY-CONT-00370157,Thabo,Dlamini,thabodlamini36@gmail.com,
RY-CONT-00369775,Nadia,Van Wyk,nadia.vanwyk273@gmail.com,
RY-CONT-00496241,Thandiwe,Damons,thandiwe.damons585@outlook.com,RY-ACC-0006
RY-CONT-00433930,Nkosinathi,September,nkosinathi.september25@outlook.com,
RY-CONT-00725111,Michael,Dlamini,michaeldlamini284@gmail.com,
RY-CONT-00444257,Lerato,Reddy,lerato.reddy39@hotmail.com,RY-ACC-0009
RY-CONT-00219195,Rajesh,Naidoo,rajesh.naidoo107@outlook.com,
RY-CONT-00286943,Thabo,NKOSI,thabo.nkosi835@telkomsa.net,
RY-CONT-00889799,Zanele,Isaacs,zanele_isaacs15@gmail.com,RY-ACC-0012
RY-CONT-00251604,Johan,September,johan.september195@gmail.com,
RY-CONT-00243170,Nkosinathi,Coetzee,nkosinathicoetzee78@icloud.com,
RY-CONT-00946771,Dewald,Sibiya,dewald_sibiya9@outlook.com,RY-ACC-0015
RY-CONT-01060755,Daniel,Mahlangu,daniel.mahlangu675@telkomsa.net,
RY-CONT-00943356,Mpho,Nkosi,mpho.nkosi944@outlook.co.za,
RY-CONT-01071243,Andile,Khumalo,andile.khumalo940@outlook.co.za,RY-ACC-0018
RY-CONT-01130885,James,Pretorius,jamespretorius39@gmail.com,
RY-CONT-00462398,James,Zulu,james.zulu32@gmail.com,
RY-CONT-00533260,David,Sibiya,davidsibiya16@gmail.com,RY-ACC-0021
RY-CONT-01111888,Zanele,Nkosi,zanele.nkosi641@gmail.com,
RY-CONT-00433379,Aisha,Pretorius,aisha.pretorius10@gmail.com,
RY-CONT-00211022,Lerato,Radebe,lerato.radebe464@yahoo.com,RY-ACC-0024
RY-CONT-00906504,Nokuthula,Damons,nokuthuladamons448@vodamail.co.za,
RY-CONT-00460200,Thandiwe,September,thandiwe.september933@outlook.com,
RY-CONT-01093142,Kirsten,Isaacs,kirsten_isaacs14@live.co.za,RY-ACC-0002
RY-CONT-00519090,Ayanda,Fortuin,ayanda.fortuin43@gmail.com,
RY-CONT-00807150,Willem,Williams,willem_williams521@gmail.com,
RY-CONT-00226883,Zodwa,Sibiya,zodwasibiya73@hotmail.com,RY-ACC-0005
RY-CONT-00600088,Thabo,Mabaso,thabo.mabaso114@outlook.com,
RY-CONT-00465137,Bongani,mabaso,bonganimabaso31@outlook.com,
RY-CONT-00307841,Ashwin,Abrahams,ashwin_abrahams31@gmail.com,RY-ACC-0008
RY-CONT-00708598,Johan,Smith,johansmith31@outlook.com,
RY-CONT-00939196,AYANDA,Nyathi,ayanda.nyathi159@gmail.com,
RY-CONT-00249266,Sibusiso,Petersen  ,sibusiso.petersen538@gmail.com,RY-ACC-0011
RY-CONT-00151063,Kagiso,Hendricks,kagiso.hendricks156@hotmail.com,
RY-CONT-00752196,Sipho,Sithole,siphosithole103x1.0@gmail.com,
RY-CONT-00652876,nomsa  ,Abrahams,nomsa.abrahams31@gmail.com,RY-ACC-0014
RY-CONT-00620275,Zodwa,RADEBE,zodwa_radebe9@outlook.co.za,
RY-CONT-00135102,Rajesh,Venter,rajeshventer307@gmail.com,
RY-CONT-00117453,Sipho,Zulu,sipho.zulu247@gmail.com,RY-ACC-0017
RY-CONT-00172281,Palesa,Sithole,palesa.sithole751@mweb.co.za,
RY-CONT-00472069,Dewald,Abrahams,dewald.abrahams16@gmail.com,
RY-CONT-00372912,LERATO,September,lerato.september28@gmail.com,RY-ACC-0020
RY-CONT-00136916,Andile,Isaacs,andileisaacs43@gmail.com,
RY-CONT-00424695,Themba,Dlamini,themba.dlamini47@gmail.com,
RY-CONT-01068121,Kagiso,Ndlovu,kagiso.ndlovu274@gmail.com,RY-ACC-0023
RY-CONT-00924945,Jessica,Nkosi,jessica.nkosi174@gmail.com,
RY-CONT-00332758,Sibusiso,Naidoo,sibusisonaidoo5@gmail.com,
RY-CONT-00910831,Elmarie,Sithole,elmarie.sithole293@outlook.com,RY-ACC-0001
RY-CONT-00428257,MPHO,Abrahams  ,mpho.abrahams34@vodamail.co.za,
RY-CONT-00405840,James,Mthembu,james_mthembu4@gmail.com,
RY-CONT-00083179,Johan,NKOSI,johan.nkosi152@yahoo.com,RY-ACC-0004
RY-CONT-00261351,Zodwa,Mthembu,zodwa.mthembu302@gmail.com,
RY-CONT-00339848,Jessica,Hendricks,jessicahendricks4@outlook.com,
RY-CONT-00135843,Ilse,Venter,ilse.venter45@gmail.com,RY-ACC-0007
RY-CONT-00494190,Jessica,Mthembu,jessica.mthembu29@yahoo.com,
RY-CONT-00270443,Hendrik,Mthembu,hendrik.mthembu471@gmail.com,
RY-CONT-00569116,Thandiwe,Mokoena,thandiwemokoena53@gmail.com,RY-ACC-0010
RY-CONT-00523345,Sibusiso,Khumalo,sibusisokhumalo35@yahoo.com,
RY-CONT-00635927,Tarryn,Moodley,,
RY-CONT-00746609,Ryan,Govender,ryangovender28@gmail.com,RY-ACC-0013
RY-CONT-01138478,Mandla,Dlamini,mandla_dlamini67@hotmail.com,
RY-CONT-00030452,Naledi,Petersen,naledi.petersen60@gmail.com,
RY-CONT-00972253,nadia,Nkosi,nadia_nkosi21@gmail.com,RY-ACC-0016
RY-CONT-00003971,Ryan,Govender,ryan.govender3@gmail.com,
RY-CONT-00553673,MANDLA,Steyn  ,,
RY-CONT-00140728,Sipho,Mokoena,sipho.mokoena391@icloud.com,RY-ACC-0019
RY-CONT-00475203,Tshepo,Williams,tshepowilliams212@gmail.com,
RY-CONT-01063966,Mandla,Zulu,mandla.zulu234@yahoo.com,
RY-CONT-01150175,Rajesh,Abrahams  ,rajesh.abrahams50@gmail.com,RY-ACC-0022
RY-CONT-00085186,Nadia,Van Wyk,nadia.vanwyk267@hotmail.com,
RY-CONT-00072459,Willem,Smith,willemsmith18@gmail.com,
RY-CONT-00279410,Refilwe,Zulu,refilwe.zulu663@gmail.com,RY-ACC-0025
RY-CONT-00832308,Nkosinathi,Moodley,nkosinathi.moodley4771@yahoo.com,
RY-CONT-00715893,Jessica,Nkosi,jessica.nkosi947@icloud.com,
RY-CONT-00375869,Katlego,radebe,katlego.radebe296@icloud.com,RY-ACC-0003
RY-CONT-00919494,Themba,Du Plessis,themba.duplessis112@gmail.com,
RY-CONT-00453750,Ashwin,Moodley,ashwinmoodley8x1.0@gmail.com,
RY-CONT-00031626,Tarryn,Dlamini,tarryndlamini13@gmail.com,RY-ACC-0006
RY-CONT-00070000,Naledi,Govender,naledi.govender137@gmail.com,
RY-CONT-01150953,Anmarie,Nyathi,anmarie.nyathi69@gmail.com,
RY-CONT-00450587,Naledi,Van Wyk,naledivanwyk14@gmail.com,RY-ACC-0009
RY-CONT-00765592,Ayanda,Nortje,ayanda_nortje12@hotmail.com,
RY-CONT-00708737,Thabo,mabaso,thabo.mabaso97@live.co.za,
RY-CONT-00994331,Emma,Pillay,emma.pillay9821@outlook.com,RY-ACC-0012
RY-CONT-00802539,Thabo,Williams,thabowilliams401@yahoo.com,
RY-CONT-00849157,Refilwe,Du Plessis,refilweduplessis46@gmail.com,
RY-CONT-00617818,Thabo,Molefe,thabo.molefe60x1.0@gmail.com,RY-ACC-0015
RY-CONT-00857786,Tshepo,September,tshepo.september114@gmail.co.za,
RY-CONT-00365595,Tshepo,Hendricks,tshepo.hendricks28x1.0@gmail.com,
RY-CONT-00184949,Thabo,Mokoena,,RY-ACC-0018
RY-CONT-00723887,Sipho,Du Plessis,sipho.duplessis129@gmail.com,
RY-CONT-01032859,James,Isaacs,jamesisaacs205@gmail.com,
RY-CONT-00212972,Zodwa,Williams,zodwa.williams127@outlook.com,RY-ACC-0021
RY-CONT-00776344,nkosinathi,Jacobs,nkosinathi.jacobs95x1.0@gmail.com,
RY-CONT-00161847,Lwazi,Williams,lwazi.williams134@gmail.com,
RY-CONT-00198316,Willem,Abrahams,willem.abrahams152@icloud.com,RY-ACC-0024
RY-CONT-00732812,Emma,Nkosi,emma_nkosi19@hotmail.com,
RY-CONT-00814136,Sipho,Nkosi,sipho.nkosi312@gmail.com,
RY-CONT-00986447,Zanele,Petersen,zanelepetersen78@outlook.com,RY-ACC-0002
RY-CONT-00086926,Daniel,Daniels,daniel.daniels40@hotmail.com,
RY-CONT-00529757,Tarryn,Williams,tarryn.williams17@gmail.com,
RY-CONT-01011046,Naledi,Mahlangu,naledi.mahlangu12@outlook.com,RY-ACC-0005
RY-CONT-01160211,Chantelle,Mahlangu,chantelle_mahlangu30@hotmail.com,
RY-CONT-00748246,Daniel,Jacobs,daniel.jacobs51@icloud.com,
RY-CONT-00469205,Palesa,Sibiya,palesa.sibiya866@icloud.com,RY-ACC-0008
RY-CONT-00950132,Sibusiso,PETERSEN,sibusiso_petersen727@gmail.com,
RY-CONT-00908451,Hendrik,Van Wyk,hendrik.vanwyk79@outlook.com,
RY-CONT-00996029,Mandla,Nel,mandlanel61@gmail.com,RY-ACC-0011
RY-CONT-00723762,Busisiwe  ,Khumalo,busisiwe.khumalo131@gmail.com,
RY-CONT-00729860,Mpho,Hendricks,mpho.hendricks93@gmail.com,
RY-CONT-00705752,Nomsa,Van der Merwe,nomsavandermerwe2@outlook.com,RY-ACC-0014
RY-CONT-00382911,Priya,Mokoena,priyamokoena11@gmail.com,
RY-CONT-00642112,Busisiwe,Van der Merwe,busisiwe.vandermerwe79@gmail.com,
RY-CONT-00291187,Palesa  ,Venter,palesaventer3@icloud.com,RY-ACC-0017
RY-CONT-00612894,Kyle,Dlamini,kyle.dlamini68@gmail.com,
RY-CONT-00315127,James,Mthembu,james.mthembu690@icloud.com,
RY-CONT-01119059,riaan,Sibiya,riaansibiya846@icloud.com,RY-ACC-0020
RY-CONT-00937927,Kagiso,Steyn,kagisosteyn188@gmail.com,
RY-CONT-00027945,Megan,Nel,megan.nel13@mweb.co.za,
RY-CONT-01057445,Thabo,Ndlovu,thabondlovu583@mweb.co.za,RY-ACC-0023
RY-CONT-00354118,Dewald,Molefe,dewald.molefe7@webmail.co.za,
RY-CONT-00916148,Nokuthula,Nyathi,nokuthulanyathi66@gmail.com,
RY-CONT-00924105,Sipho,Govender,sipho.govender186@vodamail.co.za,RY-ACC-0001
RY-CONT-00341510,Jessica,Zulu,jessica.zulu10@hotmail.com,
RY-CONT-00239872,Aisha,Petersen,aisha.petersen762@gmail.com,
RY-CONT-01015194,Rajesh,nkosi,rajesh.nkosi130@outlook.com,RY-ACC-0004
RY-CONT-00843471,Riaan,Molefe,,
RY-CONT-00363095,Katlego,Moodley  ,katlegomoodley8@outlook.com,
RY-CONT-00736407,Ayanda,Steyn,ayanda.steyn109@vodamail.co.za,RY-ACC-0007
RY-CONT-00479075,Thandiwe,Radebe,thandiwe.radebe45@outlook.com,
RY-CONT-00438400,Chantelle,Radebe,chantelle.radebe22@gmail.com,
RY-CONT-00265137,Refilwe,Nkosi,refilwe.nkosi1@outlook.com,RY-ACC-0010
RY-CONT-01160061,Katlego,Petersen,katlego.petersen150@outlook.com,
RY-CONT-00536141,Katlego,Fourie,katlego.fourie38@gmail.com,
RY-CONT-00718760,Daniel,Pillay,daniel.pillay758@gmail.com,RY-ACC-0013
RY-CONT-01034330,Nomsa,Dlamini,nomsa.dlamini391x1.0@gmail.com,
RY-CONT-00981002,Kyle,WILLIAMS,kyle.williams67@gmail.com,
RY-CONT-00001500,Palesa,Nel,palesanel1@vodamail.co.za,RY-ACC-0016
RY-CONT-01001966,Mandla,SITHOLE,mandla.sithole239@vodamail.co.za,
RY-CONT-00587346,Jessica,Jacobs,jessica.jacobs31@hotmail.com,
RY-CONT-00239545,Thabo,Mthembu,thabo.mthembu636@telkomsa.net,RY-ACC-0019
RY-CONT-00226107,Kyle,Nkosi,kyle.nkosi220@outlook.com,
RY-CONT-00886520,Zaid,Zulu,zaid.zulu154@gmail.com,
RY-CONT-00851322,Emma,Dlamini,emma.dlamini143@gmail.com,RY-ACC-0022
RY-CONT-00148308,James  ,Naidoo,james.naidoo121@gmail.com,
RY-CONT-00911542,Themba,Maseko,themba.maseko128@gmail.com,
RY-CONT-00241370,Riaan,Pretorius,riaan_pretorius34@icloud.com,RY-ACC-0025
RY-CONT-01091721,Emma,Coetzee,,
RY-CONT-00683811,Kagiso,Sibiya,kagiso.sibiya69@gmail.com,
RY-CONT-00967500,Willem,Jacobs,willem_jacobs15@gmail.com,RY-ACC-0003
RY-CONT-00156043,Nadia,Fourie,nadia.fourie182@gmail.com,
RY-CONT-00602747,Lindiwe,Jansen,lindiwe_jansen4@gmail.com,
RY-CONT-00119031,Lerato,Radebe,lerato.radebe273@mweb.co.za,RY-ACC-0006
RY-CONT-00129678,Andile,September,andileseptember40@mweb.co.za,
RY-CONT-00902685,YUSUF,Williams,yusuf.williams66@vodamail.co.za,
RY-CONT-00894708,Tarryn,Damons,tarryn.damons25@yahoo.com,RY-ACC-0009
RY-CONT-00171765,Bongani,Sithole,bonganisithole793@gmail.com,
RY-CONT-00021323,Chad,Zulu,chadzulu@vodamail.co.za,
RY-CONT-00522610,Andile,Zulu,andile.zulu55x1.0@gmail.com,RY-ACC-0012
RY-CONT-01140659,Bongani,Nkosi,bongani.nkosi457@live.co.za,
RY-CONT-01042643,Ashwin,Sithole,ashwin_sithole13@gmail.com,
RY-CONT-00324465,Nkosinathi,Naidoo,nkosinathinaidoo481@gmail.com,RY-ACC-0015
RY-CONT-00324819,Kagiso,Dlamini,kagiso_dlamini3@outlook.com,
RY-CONT-00941371,Johan,Khumalo,johan.khumalo966@gmail.com,
RY-CONT-00863187,Tariq  ,van wyk,tariq.vanwyk50@gmail.com,RY-ACC-0018
RY-CONT-01058339,Thabo,jansen,thabo_jansen178@hotmail.com,
RY-CONT-00423228,Naledi,Nortje,naledi.nortje19@icloud.com,
RY-CONT-00136354,Zodwa,Hendricks,zodwa.hendricks3031@live.co.za,RY-ACC-0021
RY-CONT-00270742,Fatima,Petersen,fatimapetersen202@gmail.com,
RY-CONT-00251480,Tarryn,Maseko,tarryn.maseko119@gmail.com,
RY-CONT-00721415,Aisha,Smith,aisha_smith400@gmail.com,RY-ACC-0024
RY-CONT-00257866,Michael,Smith,michaelsmith92@hotmail.com,
RY-CONT-01155000,Rajesh,Sithole,rajesh.sithole90@gmail.com,
RY-CONT-00865040,Andile,Mthembu,andile.mthembu158@gmail.com,RY-ACC-0002
RY-CONT-00943714,Jessica,Khumalo,jessicakhumalo56@mweb.co.za,
RY-CONT-00903359,Lindiwe,Pretorius  ,lindiwe.pretorius328@webmail.co.za,
RY-CONT-00711441,LWAZI,Mthembu,lwazi.mthembu90@gmail.com,RY-ACC-0005
RY-CONT-00048810,Themba,Mthembu,themba.mthembu76@gmail.com,
RY-CONT-01026076,Refilwe,Botha,refilwe.botha185@gmail.com,
RY-CONT-00638922,Andile,Zulu,andile.zulu89@hotmail.com,RY-ACC-0008
RY-CONT-00475838,Johan,Nkosi,johannkosi25@icloud.com,
RY-CONT-00721617,David,fortuin,davidfortuin15@yahoo.com,
RY-CONT-00979728,Lerato,Pillay,lerato.pillay259@hotmail.com,RY-ACC-0011
RY-CONT-00642249,Ayanda,Moodley,ayanda.moodley583@gmail.com,
RY-CONT-00928860,Mandla,Dlamini,mandladlamini140@yahoo.com,
RY-CONT-00401423,Kirsten,Mabaso,kirstenmabaso11@outlook.com,RY-ACC-0014
RY-CONT-00701542,Thabo,Fourie,thabo.fourie115@icloud.com,
RY-CONT-01098671,Willem,Naidoo,willem.naidoo106@gmail.com,
RY-CONT-00908526,Refilwe,Botha,refilwe.botha167@gmail.com,RY-ACC-0017
RY-CONT-00376140,Marlize,SEPTEMBER,marlize.september5@gmail.com,
RY-CONT-00924463,Ayanda,Sithole,ayanda.sithole664@yahoo.com,
RY-CONT-00330494,Naledi,Mokoena,naledi.mokoena633@outlook.com,RY-ACC-0020
RY-CONT-00805154,Lindiwe,Moodley,lindiwe.moodley119@outlook.com,
RY-CONT-00487427,Themba,Mokoena,themba.mokoena342@outlook.co.za,
RY-CONT-01004979,Sibusiso,Smith,sibusiso.smith153@gmail.com,RY-ACC-0023
RY-CONT-00376521,Naledi,Pretorius  ,naledi.pretorius15x1.0@gmail.com,
RY-CONT-00185957,Marlize,Du Plessis,marlize.duplessis87@gmail.com,
RY-CONT-00253392,James,Reddy,james.reddy159@hotmail.com,RY-ACC-0001
RY-CONT-00025265,Tariq,Petersen,tariqpetersen2@gmail.com,
RY-CONT-00279113,Palesa,Hendricks,palesa_hendricks@gmail.com,
RY-CONT-01084135,Busisiwe,Nortje,busisiwe.nortje86@webmail.co.za,RY-ACC-0004
RY-CONT-00612547,Katlego,Moodley,katlegomoodley24@gmail.com,
RY-CONT-00271263,Nomsa,Van Wyk,nomsavanwyk3@gmail.com,
RY-CONT-00858485,Palesa,DLAMINI,,RY-ACC-0007
RY-CONT-00151679,Busisiwe,Mabaso,busisiwe.mabaso620@webmail.co.za,
RY-CONT-00755771,Megan,Smith,megan.smith640@gmail.com,
RY-CONT-01086129,Mpho  ,Van Wyk,mpho.vanwyk228@outlook.com,RY-ACC-0010
RY-CONT-00909113,Sipho,Sithole,siphosithole429@vodamail.co.za,
RY-CONT-00229799,James,Pretorius,jamespretorius854@webmail.co.za,
RY-CONT-01084299,Kagiso,Mabaso,kagisomabaso80@webmail.co.za,RY-ACC-0013
RY-CONT-00004793,Michael,Mthembu,michael_mthembu@hotmail.com,
RY-CONT-00680714,Mandla,NKOSI,mandlankosi76@gmail.com,
RY-CONT-00673605,Andile,jansen,andile.jansen63@gmail.com,RY-ACC-0016
RY-CONT-00687346,Lwazi,Van der Merwe,lwazi.vandermerwe470@gmail.com,
RY-CONT-00128301,NOMSA,Botha,nomsa.botha573@outlook.com,
RY-CONT-00270415,Zanele,Molefe,zanelemolefe3x1.0@gmail.com,RY-ACC-0019
RY-CONT-00086886,Nadia,Fortuin,nadia.fortuin21@yahoo.com,
RY-CONT-00426843,Aisha,Moodley  ,aishamoodley13@gmail.com,
RY-CONT-00311652,Tariq,September,tariqseptember2@gmail.com,RY-ACC-0022
RY-CONT-00133650,Thandiwe,Jacobs,thandiwe.jacobs2811@outlook.com,
RY-CONT-00005462,Sarah  ,Mthembu,sarah.mthembu1@gmail.com,
RY-CONT-01038367,Ryan,Mokoena,ryan.mokoena123x1.0@gmail.com,RY-ACC-0025
RY-CONT-00897057,Jessica,Abrahams,jessica.abrahams704@yahoo.com,
RY-CONT-00367491,Themba,Ndlovu,themba.ndlovu30@webmail.co.za,
RY-CONT-00704159,Johan,Sibiya,johan.sibiya412@hotmail.com,RY-ACC-0003
RY-CONT-00263002,Naledi,Jacobs,naledi.jacobs297@gmail.com,
RY-CONT-00612795,David,Van Wyk,david.vanwyk100@gmail.com,
RY-CONT-00706485,Pieter,Williams,pieter.williams46@webmail.co.za,RY-ACC-0006
RY-CONT-00057732,Mpho,Hendricks,mphohendricks39@gmail.com,
RY-CONT-00178993,Elmarie,Molefe,elmarie.molefe812@gmail.com,
