RY_External_ID__c,FirstName,LastName,Company,Email,RY_Sample_Status__c
RY-LEAD-01204698,Tarryn,Isaacs,[Individual Applicant],tarryn_isaacs14@vodamail.co.za,Nurture
RY-LEAD-00263330,Andile,Van Wyk,[Individual Applicant],andile.vanwyk916@outlook.com,Working - Contacted
RY-LEAD-01245597,Willem,Maseko,[Individual Applicant],willem.maseko161@outlook.com,Working - Contacted
RY-LEAD-00500317,Mpho,Fortuin,[Individual Applicant],mphofortuin354@webmail.co.za,Qualified
RY-LEAD-00009464,JOHAN,Du Plessis,[Individual Applicant],johan.duplessis2@gmail.com,Converted
RY-LEAD-01322696,Nkosinathi,Ndlovu,[Individual Applicant],nkosinathindlovu447@webmail.co.za,Unqualified
RY-LEAD-01410384,Tshepo,Mahlangu,[Individual Applicant],tshepo.mahlangu450@gmail.com,Qualified
RY-LEAD-01142815,Naledi,Van der Merwe,[Individual Applicant],,Unqualified
RY-LEAD-00491511,Lindiwe,Maseko,[Individual Applicant],lindiwemaseko31@gmail.com,Nurture
RY-LEAD-00380834,Katlego,Abrahams,[Individual Applicant],katlego.abrahams472@hotmail.com,Converted
RY-LEAD-00149078,Busisiwe,Nel,[Individual Applicant],busisiwenel10@mweb.co.za,Nurture
RY-LEAD-01282620,Shireen,Abrahams,[Individual Applicant],shireen.abrahams89@gmail.com,Open - Not Contacted
RY-LEAD-01454290,Nomsa,Fortuin,[Individual Applicant],nomsafortuin95@mweb.co.za,Working - Contacted
RY-LEAD-01066203,Chantelle,Botha,[Individual Applicant],chantelle_botha59@vodamail.co.za,Nurture
RY-LEAD-01414116,Fatima,September,[Individual Applicant],fatima.september138@live.co.za,Unqualified
RY-LEAD-01131508,Naledi,Venter,[Individual Applicant],naledi_venter34@vodamail.co.za,Nurture
RY-LEAD-01364809,Sipho,Pretorius,[Individual Applicant],sipho.pretorius350@mweb.co.za,Qualified
RY-LEAD-01359544,Sipho,Govender,[Individual Applicant],sipho.govender416@outlook.com,Working - Contacted
RY-LEAD-00475070,Bongani,Williams,[Individual Applicant],bongani.williams107@webmail.co.za,Converted
RY-LEAD-00334013,Riaan  ,Sibiya,[Individual Applicant],riaan.sibiya41@outlook.com,Unqualified
RY-LEAD-00179123,James,Naidoo,[Individual Applicant],james.naidoo22@gmail.com,Nurture
RY-LEAD-00539955,Nomsa,Ndlovu,[Individual Applicant],nomsa.ndlovu270@outlook.com,Open - Not Contacted
RY-LEAD-00054314,Sibusiso,Khumalo,[Individual Applicant],sibusiso_khumalo7@gmail.com,Open - Not Contacted
RY-LEAD-00331526,Michael,Abrahams,[Individual Applicant],michael.abrahams56@gmail.com,Qualified
RY-LEAD-01490185,Naledi,Hendricks,[Individual Applicant],naledihendricks886@mweb.co.za,Qualified
RY-LEAD-01064802,Themba,Fortuin,[Individual Applicant],,Open - Not Contacted
RY-LEAD-01456715,Sibusiso,Ndlovu,[Individual Applicant],sibusisondlovu215@webmail.co.za,Qualified
RY-LEAD-01241816,Lwazi,Mthembu,[Individual Applicant],lwazi_mthembu488@gmail.com,Converted
RY-LEAD-01159891,Aisha,Mabaso,[Individual Applicant],aisha.mabaso107@vodamail.co.za,Unqualified
RY-LEAD-01213440,Tariq,Sithole,[Individual Applicant],tariq.sithole671@gmail.com,Working - Contacted
RY-LEAD-01451391,Refilwe,Mthembu,[Individual Applicant],,Working - Contacted
RY-LEAD-01195653,Ayanda,Mabaso,[Individual Applicant],ayanda.mabaso300@gmail.com,Working - Contacted
RY-LEAD-01222190,Mandla,Mahlangu,[Individual Applicant],mandla.mahlangu451@gmail.com,Open - Not Contacted
RY-LEAD-01219773,Johan,Nel,[Individual Applicant],johan.nel3131@telkomsa.net,Nurture
RY-LEAD-01050136,James,Khumalo,[Individual Applicant],james_khumalo860@gmail.com,Unqualified
RY-LEAD-01351978,Marlize,Sibiya,[Individual Applicant],marlize.sibiya123@live.co.za,Open - Not Contacted
RY-LEAD-01177892,David,Petersen,[Individual Applicant],davidpetersen64@icloud.com,Nurture
RY-LEAD-00449231,Tshepo,Maseko,[Individual Applicant],tshepo.maseko37@gmail.com,Open - Not Contacted
RY-LEAD-00452560,James,Naidoo,[Individual Applicant],james.naidoo73@hotmail.com,Qualified
RY-LEAD-00560403,Naledi,Nel,[Individual Applicant],naledi.nel112@hotmail.com,Working - Contacted
RY-LEAD-00077909,Tariq,Mabaso,[Individual Applicant],tariq_mabaso950@gmail.com,Open - Not Contacted
RY-LEAD-00225831,Daniel,Nkosi,[Individual Applicant],danielnkosi456@outlook.com,Converted
RY-LEAD-00361534,Chantelle,Sithole,[Individual Applicant],chantelle.sithole54@outlook.com,Qualified
RY-LEAD-00271218,Sibusiso,Petersen,[Individual Applicant],sibusiso.petersen52@gmail.com,Converted
RY-LEAD-00305447,Michael,Molefe,[Individual Applicant],michael.molefe62@outlook.com,Qualified
RY-LEAD-00349808,Lerato,Damons,[Individual Applicant],leratodamons39@gmail.com,Open - Not Contacted
RY-LEAD-00318956,Thabo,Fourie,[Individual Applicant],thabo.fourie326@vodamail.co.za,Working - Contacted
RY-LEAD-00349925,Tshepo,Nkosi,[Individual Applicant],tshepo.nkosi170@gmail.com,Nurture
RY-LEAD-00134947,Ayanda,Molefe,[Individual Applicant],ayandamolefe21@webmail.co.za,Nurture
RY-LEAD-00232734,Willem,Sibiya,[Individual Applicant],willem.sibiya37@mweb.co.za,Unqualified
RY-LEAD-01462310,Sibusiso,Fourie,[Individual Applicant],sibusiso.fourie225@gmail.com,Unqualified
RY-LEAD-01475679,Marlize,Mabaso,[Individual Applicant],marlize.mabaso916@outlook.com,Nurture
RY-LEAD-01300263,Bongani,Smith,[Individual Applicant],bongani.smith301@outlook.com,Working - Contacted
RY-LEAD-01213575,Priya,Smith,[Individual Applicant],priya_smith13@gmail.com,Converted
RY-LEAD-01459821,Nkosinathi,Williams,[Individual Applicant],nkosinathiwilliams100@gmail.com,Working - Contacted
RY-LEAD-01241731,mpho,Mthembu,[Individual Applicant],mpho.mthembu386@webmail.co.za,Working - Contacted
RY-LEAD-01436010,Hendrik,Khumalo,[Individual Applicant],hendrik_khumalo42@gmail.com,Working - Contacted
RY-LEAD-01056029,Shireen,Maseko,[Individual Applicant],shireen.maseko88@icloud.com,Working - Contacted
RY-LEAD-01419305,Mandla,Radebe,[Individual Applicant],mandla.radebe8161@gmail.com,Open - Not Contacted
RY-LEAD-01135799,Sarah  ,Dlamini,[Individual Applicant],sarah.dlamini309@gmail.com,Nurture
RY-LEAD-01237354,Thandiwe,Damons,[Individual Applicant],,Converted
RY-LEAD-01161076,JAMES,Jansen,[Individual Applicant],jamesjansen58@yahoo.com,Qualified
RY-LEAD-01493488,Nkosinathi,Daniels,[Individual Applicant],nkosinathi_daniels348@gmail.co.za,Open - Not Contacted
RY-LEAD-01133847,Sipho,Ndlovu,[Individual Applicant],sipho.ndlovu570@yahoo.com,Nurture
RY-LEAD-01159010,Johan,Damons,[Individual Applicant],johan.damons135@outlook.com,Converted
RY-LEAD-01259086,Priya,Van der Merwe,[Individual Applicant],priyavandermerwe70@hotmail.com,Qualified
RY-LEAD-01201002,Lerato,Maseko,[Individual Applicant],lerato.maseko416@gmail.com,Unqualified
RY-LEAD-01341434,Ayanda,Pillay,[Individual Applicant],ayanda.pillay792@mweb.co.za,Nurture
RY-LEAD-01060078,Ayanda,Pillay,[Individual Applicant],ayanda.pillay300@yahoo.com,Open - Not Contacted
RY-LEAD-01337959,Thandiwe,Williams,[Individual Applicant],thandiwe.williams271@outlook.com,Open - Not Contacted
RY-LEAD-01157488,Sarah,Nel,[Individual Applicant],sarahnel60@mweb.co.za,Qualified
RY-LEAD-01353016,Refilwe,Mahlangu,[Individual Applicant],refilwe.mahlangu427@yahoo.com,Open - Not Contacted
RY-LEAD-01193200,Megan,Van der Merwe,[Individual Applicant],megan.vandermerwe155@gmail.com,Converted
RY-LEAD-01337184,Ryan,Pretorius,[Individual Applicant],ryan.pretorius142@yahoo.com,Nurture
RY-LEAD-01363799,Mandla,Pillay,[Individual Applicant],mandlapillay160@gmail.com,Open - Not Contacted
RY-LEAD-01303668,Anmarie,Hendricks,[Individual Applicant],anmarie.hendricks277@hotmail.com,Converted
RY-LEAD-00192164,Tshepo,Isaacs,[Individual Applicant],tshepo.isaacs504@icloud.com,Converted
RY-LEAD-00473062,Naledi,Nkosi,[Individual Applicant],naledi.nkosi178@gmail.com,Unqualified
RY-LEAD-00440331,Palesa,Dlamini,[Individual Applicant],palesa.dlamini177@gmail.com,Converted
RY-LEAD-01222915,Marlize,Mthembu,[Individual Applicant],marlize.mthembu158@outlook.co.za,Working - Contacted
RY-LEAD-00159370,Refilwe,SMITH,[Individual Applicant],refilwesmith135@gmail.com,Working - Contacted
RY-LEAD-00219955,Thabo,Damons,[Individual Applicant],thabodamons193@gmail.com,Unqualified
RY-LEAD-00219563,Nadia,Coetzee,[Individual Applicant],nadiacoetzee569@gmail.com,Qualified
RY-LEAD-01048664,Themba,Khumalo,[Individual Applicant],themba.khumalo324@gmail.com,Unqualified
RY-LEAD-00016277,Hendrik,venter,[Individual Applicant],hendrik.venter@gmail.com,Unqualified
RY-LEAD-00233854,Naledi,Sithole,[Individual Applicant],naledi.sithole9301@gmail.com,Qualified
RY-LEAD-00662115,Ayanda,Maseko,[Individual Applicant],ayanda_maseko36@hotmail.com,Converted
RY-LEAD-01236651,Andile,Fortuin,[Individual Applicant],andile.fortuin148@gmail.com,Nurture
RY-LEAD-00124014,Sipho,Adams,[Individual Applicant],sipho.adams45@outlook.com,Nurture
RY-LEAD-00294216,Nomsa,Khumalo,[Individual Applicant],nomsa.khumalo134@outlook.com,Working - Contacted
RY-LEAD-00293291,Tshepo,Sibiya,[Individual Applicant],tsheposibiya26@yahoo.com,Nurture
RY-LEAD-01066950,Priya,dlamini,[Individual Applicant],priyadlamini81@hotmail.com,Qualified
RY-LEAD-00631734,Yusuf,Van der Merwe,[Individual Applicant],yusuf.vandermerwe95@gmail.com,Working - Contacted
RY-LEAD-00244482,Lerato,Ndlovu,[Individual Applicant],lerato.ndlovu131@gmail.com,Qualified
RY-LEAD-00121607,Megan,Dlamini,[Individual Applicant],megandlamini595@mweb.co.za,Working - Contacted
RY-LEAD-01150955,Ashwin,Dlamini,[Individual Applicant],ashwindlamini83@hotmail.com,Nurture
RY-LEAD-00035567,Roche,Fourie,[Individual Applicant],roche.fourie2@outlook.com,Qualified
RY-LEAD-00197600,Shireen,September,[Individual Applicant],shireenseptember7@gmail.com,Qualified
RY-LEAD-00094876,Thabo,Fortuin,[Individual Applicant],thabo.fortuin18@hotmail.com,Open - Not Contacted
RY-LEAD-01312288,SIBUSISO,Botha,[Individual Applicant],sibusiso.botha278@yahoo.com,Open - Not Contacted
RY-LEAD-00199701,Nomsa,Nyathi,[Individual Applicant],nomsa.nyathi51@hotmail.com,Nurture
RY-LEAD-01465656,Rajesh,Pillay,[Individual Applicant],rajesh_pillay20@outlook.com,Working - Contacted
RY-LEAD-00224308,Tarryn,Govender,[Individual Applicant],tarryngovender7@outlook.com,Nurture
RY-LEAD-01206873,Michael,Sithole,[Individual Applicant],michael.sithole2@gmail.com,Working - Contacted
RY-LEAD-01458737,Yusuf,Ndlovu,[Individual Applicant],yusufndlovu976@gmail.com,Open - Not Contacted
RY-LEAD-01109490,Palesa,Zulu,[Individual Applicant],palesa.zulu330@gmail.com,Open - Not Contacted
RY-LEAD-01303397,Aisha,Steyn,[Individual Applicant],aisha.steyn106@gmail.com,Unqualified
RY-LEAD-01109556,Hendrik,steyn,[Individual Applicant],hendrik.steyn241@gmail.com,Open - Not Contacted
RY-LEAD-01454570,Mandla,Govender,[Individual Applicant],mandla.govender4321@gmail.com,Open - Not Contacted
RY-LEAD-01453158,Daniel,Nel,[Individual Applicant],daniel.nel311@gmail.com,Working - Contacted
RY-LEAD-01490617,Michael,Abrahams,[Individual Applicant],michael.abrahams721@gmail.com,Nurture
RY-LEAD-01293398,Jessica,Govender,[Individual Applicant],jessica.govender135@gmail.com,Unqualified
RY-LEAD-01290269,Nomsa,Dlamini,[Individual Applicant],nomsadlamini323@outlook.com,Open - Not Contacted
RY-LEAD-01120648,Lwazi,Zulu,[Individual Applicant],lwazi_zulu37@hotmail.com,Open - Not Contacted
RY-LEAD-01440228,Lerato,Botha,[Individual Applicant],lerato.botha898@gmail.com,Working - Contacted
RY-LEAD-01075113,Johan,Smith,[Individual Applicant],johansmith547@gmail.com,Open - Not Contacted
RY-LEAD-01425642,Thabo,Mokoena,[Individual Applicant],thabo.mokoena784@gmail.com,Nurture
RY-LEAD-01088927,Nkosinathi,Pretorius,[Individual Applicant],nkosinathi.pretorius340@gmail.com,Nurture
RY-LEAD-01432515,Marlize,Nkosi,[Individual Applicant],marlizenkosi113@yahoo.com,Working - Contacted
RY-LEAD-01283319,Shireen,Nkosi,[Individual Applicant],shireen.nkosi201@webmail.co.za,Open - Not Contacted
RY-LEAD-01238261,Yusuf,Mabaso,[Individual Applicant],yusufmabaso61@yahoo.com,Open - Not Contacted
RY-LEAD-01146407,Thandiwe,Venter,[Individual Applicant],thandiwe.venter195@gmail.com,Working - Contacted
RY-LEAD-01286817,Daniel,MTHEMBU,[Individual Applicant],daniel.mthembu188@gmail.com,Open - Not Contacted
RY-LEAD-01147353,Lerato,Nel,[Individual Applicant],lerato.nel355@mweb.co.za,Open - Not Contacted
RY-LEAD-01298261,Daniel,Jansen,[Individual Applicant],danieljansen827@yahoo.com,Working - Contacted
RY-LEAD-01180528,Rajesh,September,[Individual Applicant],rajeshseptember27@gmail.com,Unqualified
RY-LEAD-00126603,Michael,Venter,[Individual Applicant],michael.venter22@gmail.com,Nurture
RY-LEAD-01174749,Mandla,Adams,[Individual Applicant],mandla_adams50@gmail.com,Open - Not Contacted
RY-LEAD-01395802,Bongani,Van Wyk,[Individual Applicant],bongani.vanwyk401@gmail.com,Open - Not Contacted
RY-LEAD-01391031,Riaan,Nkosi  ,[Individual Applicant],riaan.nkosi335@gmail.com,Unqualified
RY-LEAD-01394852,Naledi,Ndlovu,[Individual Applicant],naledindlovu226@outlook.com,Working - Contacted
RY-LEAD-01324970,Tshepo,Venter,[Individual Applicant],tshepo.venter11@mweb.co.za,Nurture
RY-LEAD-01123736,Ayanda,Nyathi,[Individual Applicant],ayanda.nyathi266@gmail.com,Qualified
RY-LEAD-01159142,BONGANI,Nkosi,[Individual Applicant],bongani_nkosi89@telkomsa.net,Working - Contacted
RY-LEAD-01279833,Johan,botha,[Individual Applicant],johan.botha256@yahoo.com,Qualified
RY-LEAD-01405607,Chantelle,daniels,[Individual Applicant],chantelle.daniels134@icloud.com,Converted
RY-LEAD-01143115,Sibusiso  ,Govender,[Individual Applicant],sibusiso_govender36@gmail.com,Open - Not Contacted
RY-LEAD-01115463,Tariq,Radebe  ,[Individual Applicant],tariq.radebe67@gmail.com,Open - Not Contacted
RY-LEAD-01497120,Bongani,Khumalo,[Individual Applicant],bongani.khumalo655@gmail.com,Open - Not Contacted
RY-LEAD-01141325,Nomsa,Venter,[Individual Applicant],nomsa.venter266@live.co.za,Converted
RY-LEAD-01222853,REFILWE,Abrahams,[Individual Applicant],refilwe.abrahams246@gmail.com,Nurture
RY-LEAD-01101972,Fatima  ,Abrahams,[Individual Applicant],fatima.abrahams586@gmail.com,Converted
RY-LEAD-01236386,Thabo,Venter,[Individual Applicant],thabo.venter5591@hotmail.com,Open - Not Contacted
RY-LEAD-01497406,Ayanda,Dlamini,[Individual Applicant],ayandadlamini345@gmail.com,Qualified
RY-LEAD-01158518,Ryan,Petersen,[Individual Applicant],ryan.petersen113@telkomsa.net,Qualified
RY-LEAD-01099249,Katlego,Fourie,[Individual Applicant],katlego.fourie156@telkomsa.net,Open - Not Contacted
RY-LEAD-01051564,MICHAEL,Naidoo,[Individual Applicant],michaelnaidoo94@gmail.com,Open - Not Contacted
RY-LEAD-01125453,Nomsa,Zulu,[Individual Applicant],nomsa.zulu118@gmail.com,Working - Contacted
RY-LEAD-01486911,Lerato,Adams,[Individual Applicant],lerato.adams517@gmail.com,Working - Contacted
RY-LEAD-01103539,Thabo,Botha,[Individual Applicant],thabo.botha717@outlook.com,Converted
RY-LEAD-01402283,Ashwin,Fourie,[Individual Applicant],ashwin.fourie84@gmail.com,Working - Contacted
RY-LEAD-01195339,Kirsten,Mabaso,[Individual Applicant],kirstenmabaso58@gmail.com,Nurture
RY-LEAD-01133405,PIETER,Moodley,[Individual Applicant],pieter.moodley848@gmail.com,Nurture
RY-LEAD-01159608,Nomsa,Fortuin,[Individual Applicant],nomsa.fortuin846@gmail.com,Working - Contacted
RY-LEAD-00262126,Kagiso,Mthembu,[Individual Applicant],kagiso.mthembu73@yahoo.com,Open - Not Contacted
RY-LEAD-01347232,Fatima,Moodley,[Individual Applicant],fatimamoodley59@gmail.com,Working - Contacted
RY-LEAD-00075533,Mandla,SMITH,[Individual Applicant],mandlasmith9@vodamail.co.za,Converted
RY-LEAD-01334416,Zanele,Mthembu,[Individual Applicant],zanele.mthembu470@gmail.com,Qualified
RY-LEAD-00003874,Zanele,Sithole,[Individual Applicant],zanele_sithole@gmail.com,Open - Not Contacted
RY-LEAD-01168799,Nkosinathi,Ndlovu,[Individual Applicant],nkosinathi.ndlovu300@outlook.com,Qualified
RY-LEAD-01266137,Palesa  ,Mokoena,[Individual Applicant],palesamokoena746@hotmail.com,Qualified
RY-LEAD-01140715,Nadia,Nyathi,[Individual Applicant],nadia.nyathi139@gmail.com,Nurture
RY-LEAD-00137360,Chad,Nkosi,[Individual Applicant],chadnkosi7@webmail.co.za,Open - Not Contacted
RY-LEAD-01219546,James,Molefe,[Individual Applicant],james.molefe179@gmail.co.za,Converted
RY-LEAD-00324767,Nomsa,Nkosi,[Individual Applicant],nomsa.nkosi170@gmail.com,Unqualified
RY-LEAD-01156621,Lindiwe,Abrahams,[Individual Applicant],,Open - Not Contacted
RY-LEAD-00114620,Thabo,Coetzee,[Individual Applicant],thabo_coetzee368@gmail.com,Nurture
RY-LEAD-01100184,Thabo  ,Steyn,[Individual Applicant],thabo.steyn297@icloud.com,Working - Contacted
RY-LEAD-00634695,Ashwin,Dlamini,[Individual Applicant],ashwindlamini516@gmail.com,Open - Not Contacted
RY-LEAD-01153666,Emma,Naidoo,[Individual Applicant],emma.naidoo168@gmail.com,Working - Contacted
RY-LEAD-00142357,Ayanda,Abrahams,[Individual Applicant],ayanda.abrahams39@webmail.co.za,Open - Not Contacted
RY-LEAD-01352592,Kagiso,Reddy,[Individual Applicant],kagisoreddy392@outlook.com,Nurture
RY-LEAD-00051369,Yusuf,Van Wyk,[Individual Applicant],yusufvanwyk835@outlook.com,Open - Not Contacted
RY-LEAD-01253266,Yusuf,Moodley,[Individual Applicant],yusuf_moodley918@outlook.co.za,Qualified
RY-LEAD-00221477,Michael,Mahlangu,[Individual Applicant],michael_mahlangu5@gmail.com,Open - Not Contacted
RY-LEAD-01097876,Sipho,Pillay,[Individual Applicant],sipho.pillay346@outlook.com,Working - Contacted
RY-LEAD-01221598,Nomsa,Nkosi,[Individual Applicant],nomsa.nkosi675@outlook.com,Nurture
RY-LEAD-01061163,Tarryn,Pretorius,[Individual Applicant],tarryn.pretorius89@gmail.com,Converted
RY-LEAD-00122393,Bongani,Khumalo,[Individual Applicant],bonganikhumalo26@gmail.com,Nurture
RY-LEAD-01339839,Zaid,Daniels,[Individual Applicant],zaid.daniels87@gmail.com,Nurture
RY-LEAD-00088294,Andile,Ndlovu,[Individual Applicant],andilendlovu17@gmail.com,Open - Not Contacted
RY-LEAD-01169629,David,Van der Merwe,[Individual Applicant],,Qualified
RY-LEAD-00273770,Lerato,Mabaso,[Individual Applicant],lerato.mabaso712@mweb.co.za,Qualified
RY-LEAD-01123862,Riaan,Coetzee,[Individual Applicant],riaan.coetzee108@gmail.com,Unqualified
RY-LEAD-00600762,Mpho,Van der Merwe,[Individual Applicant],mphovandermerwe89@gmail.co.za,Nurture
RY-LEAD-01497587,Johan,Ndlovu,[Individual Applicant],johan.ndlovu407@mweb.co.za,Converted
RY-LEAD-00023445,Katlego,Radebe,[Individual Applicant],katlegoradebe1@yahoo.com,Converted
RY-LEAD-01253198,Lindiwe,Nel,[Individual Applicant],lindiwe.nel890@outlook.com,Open - Not Contacted
RY-LEAD-00105351,James,Dlamini,[Individual Applicant],james.dlamini24@gmail.com,Working - Contacted
RY-LEAD-01255544,Nadia,VAN WYK  ,[Individual Applicant],nadiavanwyk70@icloud.com,Nurture
RY-LEAD-00293923,Nkosinathi,Venter,[Individual Applicant],nkosinathiventer699@outlook.com,Unqualified
RY-LEAD-01479474,Thandiwe,Steyn,[Individual Applicant],thandiwe.steyn237@outlook.com,Converted
RY-LEAD-01185174,Zodwa,Jacobs,[Individual Applicant],zodwa.jacobs160@gmail.com,Open - Not Contacted
RY-LEAD-01121334,Nomsa,Hendricks,[Individual Applicant],nomsa.hendricks303@gmail.com,Qualified
RY-LEAD-00580840,Nomsa,Khumalo,[Individual Applicant],nomsakhumalo462@gmail.com,Working - Contacted
RY-LEAD-01317149,Busisiwe,Govender,[Individual Applicant],busisiwe.govender235@gmail.com,Working - Contacted
RY-LEAD-00146786,Riaan,Pillay,[Individual Applicant],riaan.pillay15@gmail.com,Nurture
RY-LEAD-01476553,Andile,Jansen,[Individual Applicant],andilejansen347@gmail.com,Nurture
RY-LEAD-00341484,Mpho,Steyn,[Individual Applicant],mpho.steyn78@outlook.com,Working - Contacted
RY-LEAD-01083747,James,Khumalo,[Individual Applicant],james_khumalo30@outlook.com,Working - Contacted
RY-LEAD-00352152,Ilse,Fortuin,[Individual Applicant],ilse_fortuin593@webmail.co.za,Unqualified
RY-LEAD-01304990,Michael,Mabaso,[Individual Applicant],michael.mabaso185@webmail.co.za,Converted
RY-LEAD-00322340,Lindiwe,Fortuin,[Individual Applicant],lindiwe_fortuin668@gmail.com,Nurture
RY-LEAD-01251866,Themba,Molefe,[Individual Applicant],themba.molefe304@mweb.co.za,Open - Not Contacted
RY-LEAD-01397609,Johan,Nel,[Individual Applicant],johan.nel224@telkomsa.net,Nurture
RY-LEAD-01075267,Thandiwe,Sithole,[Individual Applicant],thandiwe.sithole350@hotmail.com,Working - Contacted
RY-LEAD-00293085,Anmarie,Mokoena,[Individual Applicant],anmarie.mokoena813@gmail.com,Working - Contacted
RY-LEAD-01184058,Yusuf,Sibiya,[Individual Applicant],yusuf_sibiya260@gmail.com,Qualified
RY-LEAD-01459399,Lerato,Naidoo,[Individual Applicant],lerato.naidoo554@vodamail.co.za,Working - Contacted
RY-LEAD-01053976,Thandiwe,Van Wyk,[Individual Applicant],thandiwe.vanwyk228@webmail.co.za,Working - Contacted
RY-LEAD-01459626,Pieter  ,Dlamini,[Individual Applicant],pieter.dlamini938@gmail.com,Open - Not Contacted
RY-LEAD-01300652,Andile,Smith,[Individual Applicant],andile_smith36@gmail.com,Working - Contacted
RY-LEAD-01302901,Tariq,Petersen,[Individual Applicant],tariq.petersen76@outlook.com,Converted
RY-LEAD-01246206,Thabo,Khumalo,[Individual Applicant],thabo.khumalo726@mweb.co.za,Open - Not Contacted
RY-LEAD-01459788,Thandiwe,Sithole,[Individual Applicant],thandiwesithole566@outlook.com,Nurture
RY-LEAD-01455157,Marlize,Molefe,[Individual Applicant],,Qualified
RY-LEAD-01455966,Mandla,Smith,[Individual Applicant],mandla.smith543@gmail.com,Nurture
RY-LEAD-01207233,Roche,Ndlovu,[Individual Applicant],rochendlovu55@gmail.com,Nurture
RY-LEAD-01456287,Andile,Abrahams,[Individual Applicant],andile.abrahams160@gmail.com,Working - Contacted
RY-LEAD-01104909,Thabo,Abrahams,[Individual Applicant],thabo_abrahams52@gmail.com,Qualified
RY-LEAD-01453746,Nadia,Nyathi,[Individual Applicant],nadianyathi58@gmail.com,Working - Contacted
RY-LEAD-01299133,Nomsa,Moodley,[Individual Applicant],nomsa.moodley306@gmail.com,Unqualified
RY-LEAD-00471897,Andile,Nel,[Individual Applicant],andile.nel439@gmail.com,Working - Contacted
RY-LEAD-01292223,Tshepo,Jacobs,[Individual Applicant],tshepo_jacobs217@gmail.com,Open - Not Contacted
RY-LEAD-01444110,Bongani,Moodley,[Individual Applicant],bongani_moodley52@gmail.com,Working - Contacted
RY-LEAD-01104239,Andile,Smith  ,[Individual Applicant],andilesmith840@live.co.za,Working - Contacted
RY-LEAD-01444141,Elmarie,Dlamini,[Individual Applicant],elmarie.dlamini345@icloud.com,Converted
RY-LEAD-01437782,Ashwin,REDDY,[Individual Applicant],ashwin.reddy86@hotmail.com,Qualified
RY-LEAD-01439154,Willem,Ndlovu,[Individual Applicant],willemndlovu117@yahoo.com,Unqualified
RY-LEAD-01294910,Themba,Jacobs,[Individual Applicant],themba.jacobs980@gmail.com,Qualified
RY-LEAD-01444820,Mpho,Jacobs,[Individual Applicant],mphojacobs369@gmail.com,Nurture
RY-LEAD-01066152,Mpho,Reddy,[Individual Applicant],mphoreddy116@gmail.com,Working - Contacted
RY-LEAD-01426107,Zanele,Maseko,[Individual Applicant],zanele.maseko404@gmail.com,Converted
RY-LEAD-01419761,nokuthula,Van der Merwe,[Individual Applicant],nokuthula.vandermerwe3561@gmail.com,Qualified
RY-LEAD-01428316,Nadia,Sithole,[Individual Applicant],nadia.sithole191@mweb.co.za,Working - Contacted
RY-LEAD-01101523,Nkosinathi,Mabaso,[Individual Applicant],nkosinathi.mabaso611@hotmail.com,Converted
RY-LEAD-01289560,Tariq,Ndlovu,[Individual Applicant],tariq.ndlovu156@gmail.com,Open - Not Contacted
RY-LEAD-01128726,Shireen,Fortuin,[Individual Applicant],shireenfortuin31@hotmail.com,Open - Not Contacted
RY-LEAD-01448406,Nomsa,Hendricks,[Individual Applicant],nomsa.hendricks985@gmail.com,Converted
RY-LEAD-01253028,Mandla,Mabaso,[Individual Applicant],mandla.mabaso333@mweb.co.za,Qualified
RY-LEAD-01411216,Megan,Sithole,[Individual Applicant],megan.sithole242@gmail.com,Working - Contacted
RY-LEAD-01179359,NADIA,Naidoo,[Individual Applicant],nadianaidoo54@outlook.com,Working - Contacted
RY-LEAD-01411434,Chantelle,Sithole,[Individual Applicant],chantellesithole103@yahoo.com,Unqualified
RY-LEAD-01135924,Fatima,Williams,[Individual Applicant],fatima.williams41@gmail.com,Open - Not Contacted
RY-LEAD-01236919,Bongani,Nkosi,[Individual Applicant],bonganinkosi291@gmail.com,Qualified
RY-LEAD-01202734,Nomsa,Damons,[Individual Applicant],nomsadamons686@outlook.com,Converted
RY-LEAD-01413289,Dewald,Du Plessis,[Individual Applicant],dewald.duplessis106@outlook.com,Working - Contacted
RY-LEAD-01068721,Bongani,Sithole,[Individual Applicant],bongani.sithole411@gmail.com,Nurture
RY-LEAD-01406618,Shireen,Khumalo,[Individual Applicant],shireenkhumalo76@outlook.com,Open - Not Contacted
RY-LEAD-01075207,Ryan,Mahlangu,[Individual Applicant],ryan.mahlangu198@vodamail.co.za,Open - Not Contacted
RY-LEAD-01408698,Thabo,Sithole,[Individual Applicant],thabo.sithole649@gmail.com,Nurture
RY-LEAD-01183004,Thandiwe,Mahlangu,[Individual Applicant],thandiwe.mahlangu601@gmail.com,Converted
RY-LEAD-01189854,Sarah,Govender,[Individual Applicant],sarah.govender156@gmail.com,Qualified
RY-LEAD-01162855,Naledi,Khumalo,[Individual Applicant],naledikhumalo4081@gmail.com,Converted
RY-LEAD-00407198,Refilwe,Mokoena,[Individual Applicant],,Open - Not Contacted
RY-LEAD-01397722,Nkosinathi,Abrahams,[Individual Applicant],nkosinathiabrahams409@hotmail.com,Nurture
RY-LEAD-01106854,Ayanda,Hendricks,[Individual Applicant],ayanda_hendricks33@gmail.com,Open - Not Contacted
RY-LEAD-01398245,Katlego,Dlamini,[Individual Applicant],katlego.dlamini9301@telkomsa.net,Qualified
RY-LEAD-01391059,Mandla,Steyn,[Individual Applicant],mandla.steyn288@gmail.com,Unqualified
RY-LEAD-01391824,Zodwa,Daniels,[Individual Applicant],zodwa.daniels172@gmail.com,Nurture
RY-LEAD-01279106,Palesa,Abrahams,[Individual Applicant],palesa.abrahams248@gmail.com,Qualified
RY-LEAD-01398329,Zodwa,Mokoena,[Individual Applicant],zodwa.mokoena389@hotmail.com,Open - Not Contacted
RY-LEAD-01277553,James,Van der Merwe,[Individual Applicant],james.vandermerwe206@yahoo.com,Open - Not Contacted
RY-LEAD-01277585,Hendrik,Mthembu,[Individual Applicant],hendrik.mthembu188@telkomsa.net,Working - Contacted
RY-LEAD-01387097,Nokuthula,Williams,[Individual Applicant],nokuthula.williams310@gmail.com,Open - Not Contacted
RY-LEAD-01065640,Ayanda,Coetzee,[Individual Applicant],ayandacoetzee108@gmail.com,Nurture
RY-LEAD-01278538,Anmarie,VAN DER MERWE,[Individual Applicant],anmarie_vandermerwe25@outlook.com,Working - Contacted
RY-LEAD-01388710,Nokuthula,Mokoena,[Individual Applicant],,Unqualified
RY-LEAD-01176569,Mandla,Ndlovu,[Individual Applicant],mandlandlovu219@icloud.com,Qualified
RY-LEAD-01398686,Zanele,Mahlangu,[Individual Applicant],zanelemahlangu221@mweb.co.za,Open - Not Contacted
RY-LEAD-01171604,Zaid,Van Wyk,[Individual Applicant],zaid.vanwyk90@gmail.com,Nurture
RY-LEAD-01375857,Nomsa,Isaacs,[Individual Applicant],nomsa.isaacs294@hotmail.com,Working - Contacted
RY-LEAD-01143582,Lerato,Dlamini,[Individual Applicant],lerato.dlamini729@gmail.com,Unqualified
RY-LEAD-01171434,Michael,Steyn,[Individual Applicant],michaelsteyn501@gmail.com,Working - Contacted
RY-LEAD-01091591,Palesa,Mabaso,[Individual Applicant],palesa.mabaso217@gmail.com,Open - Not Contacted
RY-LEAD-01098654,Zodwa,Naidoo,[Individual Applicant],zodwanaidoo82@gmail.com,Qualified
RY-LEAD-01200011,Nokuthula,Khumalo,[Individual Applicant],nokuthula.khumalo475@gmail.com,Converted
RY-LEAD-01379835,Sipho,Nyathi,[Individual Applicant],sipho.nyathi404@hotmail.com,Qualified
RY-LEAD-01201982,Chantelle,Ndlovu,[Individual Applicant],chantelle.ndlovu237@gmail.com,Open - Not Contacted
RY-LEAD-01371837,Busisiwe,Steyn,[Individual Applicant],busisiwe_steyn101@icloud.com,Working - Contacted
RY-LEAD-01143656,Palesa,Van der Merwe,[Individual Applicant],palesavandermerwe127@gmail.com,Qualified
RY-LEAD-01126081,Mpho,Naidoo,[Individual Applicant],,Nurture
RY-LEAD-01274576,Refilwe,Nkosi,[Individual Applicant],refilwe.nkosi454@gmail.com,Working - Contacted
RY-LEAD-01380035,Ryan,Hendricks,[Individual Applicant],,Open - Not Contacted
RY-LEAD-01400249,Sipho,Govender,[Individual Applicant],sipho.govender563@outlook.com,Open - Not Contacted
RY-LEAD-01049237,Sipho,Petersen,[Individual Applicant],,Working - Contacted
RY-LEAD-01365647,Zaid,Botha,[Individual Applicant],zaid.botha433@gmail.com,Open - Not Contacted
RY-LEAD-01226435,Katlego,Isaacs,[Individual Applicant],katlego.isaacs168@yahoo.com,Working - Contacted
RY-LEAD-01269420,Johan,Khumalo,[Individual Applicant],johan.khumalo369@mweb.co.za,Converted
RY-LEAD-01267830,Zanele,Steyn,[Individual Applicant],zanele_steyn47@gmail.com,Converted
RY-LEAD-01229238,Chantelle,Damons,[Individual Applicant],chantelledamons363@gmail.com,Nurture
RY-LEAD-01198466,Lerato,Van Wyk,[Individual Applicant],lerato.vanwyk429@vodamail.co.za,Qualified
RY-LEAD-01269581,Zaid,GOVENDER  ,[Individual Applicant],zaid.govender100@gmail.com,Open - Not Contacted
RY-LEAD-01131843,Anmarie,Reddy,[Individual Applicant],anmarie.reddy99@vodamail.co.za,Converted
RY-LEAD-01269636,Nokuthula,Dlamini,[Individual Applicant],nokuthula.dlamini571@vodamail.co.za,Open - Not Contacted
RY-LEAD-01077654,Sipho,Govender,[Individual Applicant],sipho.govender331@gmail.com,Working - Contacted
RY-LEAD-01229695,Pieter,Molefe,[Individual Applicant],pieter.molefe246@telkomsa.net,Converted
RY-LEAD-01057102,Michael,Van Wyk,[Individual Applicant],michael.vanwyk785@gmail.com,Open - Not Contacted
RY-LEAD-01368105,Ashwin,Mthembu,[Individual Applicant],ashwinmthembu64@gmail.com,Qualified
RY-LEAD-01098875,Zaid,Pillay,[Individual Applicant],zaid.pillay88@gmail.com,Working - Contacted
RY-LEAD-01319715,Andile,Ndlovu,[Individual Applicant],andilendlovu586@gmail.com,Working - Contacted
RY-LEAD-01365638,Zanele,Dlamini,[Individual Applicant],zaneledlamini787@webmail.co.za,Qualified
RY-LEAD-01157455,chad,Nkosi,[Individual Applicant],chad.nkosi974@outlook.com,Nurture
RY-LEAD-01488079,Thabo,Dlamini,[Individual Applicant],thabo_dlamini142@gmail.com,Qualified
RY-LEAD-01330169,JESSICA,Botha,[Individual Applicant],jessica.botha205@telkomsa.net,Open - Not Contacted
RY-LEAD-01129718,Bongani,Khumalo,[Individual Applicant],bongani.khumalo486@webmail.co.za,Working - Contacted
RY-LEAD-00267787,Yusuf,Mthembu,[Individual Applicant],yusuf.mthembu34@outlook.com,Qualified
RY-LEAD-01464783,Marlize,Maseko,[Individual Applicant],marlize.maseko301@hotmail.com,Nurture
RY-LEAD-00443354,Palesa,Van Wyk,[Individual Applicant],palesa.vanwyk95@outlook.com,Unqualified
RY-LEAD-01250662,Zanele,Naidoo,[Individual Applicant],zanelenaidoo196@yahoo.com,Open - Not Contacted
RY-LEAD-00125562,Andile,Zulu,[Individual Applicant],andile.zulu32@gmail.com,Unqualified
RY-LEAD-01061659,Andile,NEL,[Individual Applicant],andile.nel195@gmail.com,Qualified
RY-LEAD-01153467,Sipho,Sithole,[Individual Applicant],sipho.sithole191@gmail.com,Working - Contacted
RY-LEAD-01488378,Pieter,Radebe,[Individual Applicant],pieterradebe409@gmail.com,Working - Contacted
RY-LEAD-00514132,Refilwe,Sibiya,[Individual Applicant],refilwe.sibiya110@gmail.com,Qualified
RY-LEAD-01263515,Andile,PETERSEN,[Individual Applicant],andile.petersen536@mweb.co.za,Open - Not Contacted
RY-LEAD-00490765,Zanele,Pillay,[Individual Applicant],zanele.pillay152@hotmail.com,Unqualified
RY-LEAD-01073954,Kagiso,Molefe,[Individual Applicant],,Nurture
RY-LEAD-00186315,Megan,Naidoo,[Individual Applicant],megan_naidoo3@outlook.com,Working - Contacted
RY-LEAD-01315340,Megan,September,[Individual Applicant],meganseptember242@yahoo.com,Working - Contacted
RY-LEAD-01253624,Ryan,Pretorius,[Individual Applicant],ryan.pretorius131@icloud.com,Qualified
RY-LEAD-01316149,David,Sibiya,[Individual Applicant],david.sibiya191@gmail.com,Open - Not Contacted
RY-LEAD-01230747,Lerato,Venter,[Individual Applicant],leratoventer333@gmail.com,Working - Contacted
RY-LEAD-01122576,Tshepo,Nkosi,[Individual Applicant],tsheponkosi197@gmail.com,Working - Contacted
RY-LEAD-00542408,Kyle,Hendricks,[Individual Applicant],kyle.hendricks32@gmail.com,Unqualified
RY-LEAD-01157057,Lerato,Ndlovu,[Individual Applicant],leratondlovu33@outlook.com,Unqualified
RY-LEAD-00534881,Thabo,Nortje,[Individual Applicant],thabo.nortje119@mweb.co.za,Nurture
RY-LEAD-01194346,Mandla,Jansen  ,[Individual Applicant],mandla.jansen213@gmail.com,Working - Contacted
RY-LEAD-01214902,Lerato,Williams,[Individual Applicant],lerato_williams57@gmail.com,Converted
RY-LEAD-01477136,Dewald,Sibiya,[Individual Applicant],dewald.sibiya42@gmail.com,Unqualified
RY-LEAD-00600749,Fatima,Sithole,[Individual Applicant],fatima.sithole105@webmail.co.za,Open - Not Contacted
RY-LEAD-01057989,Themba,Mahlangu,[Individual Applicant],themba.mahlangu254@gmail.com,Working - Contacted
RY-LEAD-00609871,Ayanda,Daniels,[Individual Applicant],ayanda.daniels807@gmail.com,Nurture
RY-LEAD-01169366,Daniel,Govender,[Individual Applicant],daniel.govender171@gmail.com,Converted
RY-LEAD-00294911,Yusuf,Mthembu,[Individual Applicant],yusufmthembu22@yahoo.com,Open - Not Contacted
RY-LEAD-01249773,Zodwa,Dlamini,[Individual Applicant],zodwa.dlamini674@icloud.com,Open - Not Contacted
RY-LEAD-01062792,Ayanda,adams,[Individual Applicant],ayanda_adams44@outlook.com,Open - Not Contacted
RY-LEAD-01313592,Nomsa,Sithole,[Individual Applicant],nomsasithole148@gmail.com,Qualified
RY-LEAD-00119551,Shireen,Jacobs,[Individual Applicant],shireenjacobs3@gmail.com,Open - Not Contacted
RY-LEAD-01314696,Themba,Jansen,[Individual Applicant],thembajansen80@gmail.com,Working - Contacted
RY-LEAD-00646922,Zanele,Nel,[Individual Applicant],zanele.nel146@hotmail.com,Nurture
RY-LEAD-01056286,Sibusiso,Molefe,[Individual Applicant],sibusisomolefe124@gmail.com,Working - Contacted
RY-LEAD-00629776,Ayanda,Moodley,[Individual Applicant],ayanda.moodley113@outlook.com,Qualified
RY-LEAD-01489215,Aisha,Sithole,[Individual Applicant],aisha.sithole179@webmail.co.za,Open - Not Contacted
RY-LEAD-01328828,Megan,Steyn,[Individual Applicant],megan.steyn133@yahoo.com,Nurture
RY-LEAD-01093743,Nomsa,Isaacs,[Individual Applicant],nomsa.isaacs229@outlook.com,Working - Contacted
RY-LEAD-00392897,Thandiwe,Daniels,[Individual Applicant],thandiwe_daniels647@hotmail.com,Open - Not Contacted
RY-LEAD-01260866,Busisiwe,MOKOENA,[Individual Applicant],busisiwemokoena155@gmail.com,Converted
RY-LEAD-00251527,Chad,Van Wyk,[Individual Applicant],chad.vanwyk22@outlook.com,Qualified
RY-LEAD-01141389,Katlego,Dlamini,[Individual Applicant],katlego.dlamini4341@outlook.com,Working - Contacted
RY-LEAD-00533762,Pieter,Mthembu,[Individual Applicant],pieter.mthembu121@vodamail.co.za,Qualified
RY-LEAD-01472909,Ayanda,Jacobs,[Individual Applicant],ayanda_jacobs65@mweb.co.za,Open - Not Contacted
RY-LEAD-01253654,Tarryn,Steyn,[Individual Applicant],tarryn.steyn85@gmail.com,Open - Not Contacted
RY-LEAD-01470577,Ilse,Smith,[Individual Applicant],ilse.smith78@gmail.com,Converted
RY-LEAD-00112157,Andile,Coetzee,[Individual Applicant],andilecoetzee10@gmail.com,Working - Contacted
RY-LEAD-01473670,Aisha,Mokoena,[Individual Applicant],aisha.mokoena996@gmail.com,Working - Contacted
RY-LEAD-00425755,Lerato,Zulu,[Individual Applicant],lerato.zulu594@gmail.com,Nurture
RY-LEAD-01466773,Johan,Sibiya,[Individual Applicant],johan.sibiya255@gmail.com,Working - Contacted
RY-LEAD-00019384,Bongani,Naidoo,[Individual Applicant],bongani.naidoo7@gmail.com,Converted
RY-LEAD-01468691,Nkosinathi,Daniels,[Individual Applicant],nkosinathidaniels88@gmail.com,Converted
RY-LEAD-01324908,Busisiwe,Nel,[Individual Applicant],busisiwenel102@hotmail.com,Open - Not Contacted
RY-LEAD-01249692,Mandla,Maseko,[Individual Applicant],mandla.maseko402@gmail.com,Nurture
RY-LEAD-00486080,Zanele  ,Ndlovu,[Individual Applicant],zanele.ndlovu227@gmail.com,Working - Contacted
RY-LEAD-01190561,Willem,zulu  ,[Individual Applicant],willem.zulu197@gmail.com,Open - Not Contacted
RY-LEAD-00518735,Dewald,Mthembu,[Individual Applicant],dewald.mthembu54@gmail.com,Qualified
RY-LEAD-01106397,Nomsa,Pillay,[Individual Applicant],nomsa.pillay360@gmail.com,Nurture
RY-LEAD-00406524,Chad,Abrahams,[Individual Applicant],chadabrahams11@gmail.com,Nurture
RY-LEAD-01474609,Pieter,Dlamini,[Individual Applicant],pieter.dlamini546@gmail.com,Qualified
RY-LEAD-01153816,Mpho,Coetzee,[Individual Applicant],mphocoetzee100@icloud.com,Nurture
RY-LEAD-01497945,Zodwa,Govender,[Individual Applicant],zodwa_govender37@webmail.co.za,Open - Not Contacted
RY-LEAD-00008787,Zaid,Smith,[Individual Applicant],zaid.smith141@outlook.com,Converted
RY-LEAD-01497586,ANDILE,Khumalo,[Individual Applicant],andile.khumalo394@gmail.com,Working - Contacted
RY-LEAD-00624550,Zanele,Moodley,[Individual Applicant],zanele.moodley149@gmail.com,Nurture
RY-LEAD-01131298,Themba,Botha,[Individual Applicant],thembabotha104@icloud.com,Qualified
RY-LEAD-00588573,Chantelle,Khumalo,[Individual Applicant],chantelle.khumalo830@gmail.com,Nurture
RY-LEAD-01189954,Kagiso,September,[Individual Applicant],kagiso.september162@outlook.com,Qualified
RY-LEAD-01098404,Thabo,Jansen,[Individual Applicant],thabojansen104@gmail.com,Working - Contacted
RY-LEAD-01216102,Michael,Radebe,[Individual Applicant],michael.radebe390@outlook.com,Unqualified
RY-LEAD-00371756,Ilse,Zulu,[Individual Applicant],ilsezulu567@gmail.com,Working - Contacted
RY-LEAD-01125445,Sipho,Ndlovu,[Individual Applicant],siphondlovu236@icloud.com,Converted
RY-LEAD-00398690,Sibusiso,Ndlovu,[Individual Applicant],sibusisondlovu65@vodamail.co.za,Qualified
RY-LEAD-01337033,Michael,Radebe,[Individual Applicant],michael.radebe982@gmail.com,Open - Not Contacted
RY-LEAD-00186387,Bongani,Dlamini,[Individual Applicant],bonganidlamini35@hotmail.com,Open - Not Contacted
RY-LEAD-01093948,Chad,Smith,[Individual Applicant],chad.smith77@gmail.co.za,Open - Not Contacted
RY-LEAD-01185978,Mandla,Reddy,[Individual Applicant],,Working - Contacted
RY-LEAD-01485998,Tariq,Khumalo,[Individual Applicant],tariq.khumalo157@vodamail.co.za,Nurture
RY-LEAD-01089587,thabo,Mahlangu,[Individual Applicant],thabo.mahlangu466@gmail.com,Qualified
RY-LEAD-01083390,James,nkosi,[Individual Applicant],james.nkosi253@gmail.com,Working - Contacted
RY-LEAD-01483189,Zanele,Naidoo,[Individual Applicant],zanele.naidoo474@gmail.com,Open - Not Contacted
RY-LEAD-01483233,Tariq,Nkosi,[Individual Applicant],tariq.nkosi187@gmail.com,Working - Contacted
RY-LEAD-00161761,Busisiwe,Reddy,[Individual Applicant],busisiwe.reddy24@gmail.com,Unqualified
RY-LEAD-01188206,Bongani,Van Wyk,[Individual Applicant],bongani.vanwyk338@gmail.com,Qualified
RY-LEAD-01060350,Busisiwe,Jansen,[Individual Applicant],busisiwe.jansen140@gmail.com,Working - Contacted
RY-LEAD-01316478,Thandiwe,Du Plessis,[Individual Applicant],thandiwe.duplessis298@hotmail.com,Open - Not Contacted
RY-LEAD-00360880,Sipho,Nkosi,[Individual Applicant],sipho_nkosi27@gmail.com,Qualified
RY-LEAD-01053330,Nomsa,NEL,[Individual Applicant],,Open - Not Contacted
RY-LEAD-00465735,Yusuf,Van der Merwe,[Individual Applicant],yusufvandermerwe31@gmail.com,Working - Contacted
RY-LEAD-01477833,Katlego,Smith,[Individual Applicant],katlegosmith122@gmail.com,Working - Contacted
RY-LEAD-00159220,Zodwa,Nel  ,[Individual Applicant],zodwa.nel237@gmail.com,Open - Not Contacted
RY-LEAD-01471284,Sipho,Maseko,[Individual Applicant],sipho.maseko490@gmail.com,Working - Contacted
RY-LEAD-01188214,Sibusiso,Radebe,[Individual Applicant],sibusiso.radebe241@gmail.com,Open - Not Contacted
RY-LEAD-01471083,Nokuthula,Van Wyk,[Individual Applicant],nokuthula.vanwyk701@icloud.com,Converted
RY-LEAD-00094189,Chantelle,Van der Merwe,[Individual Applicant],chantelle_vandermerwe2@gmail.co.za,Nurture
RY-LEAD-01061387,Dewald,Ndlovu,[Individual Applicant],dewaldndlovu67@gmail.com,Working - Contacted
RY-LEAD-00243903,Mpho,Nortje,[Individual Applicant],mpho_nortje4@gmail.com,Working - Contacted
RY-LEAD-01470493,Themba  ,Molefe,[Individual Applicant],themba.molefe346@gmail.com,Qualified
RY-LEAD-00353023,Riaan,Sithole,[Individual Applicant],riaansithole850@hotmail.com,Converted
RY-LEAD-00066758,Ayanda,Botha,[Individual Applicant],ayanda.botha189@hotmail.com,Nurture
